Sector,AcadScience,AgriGrain,AgriLivestock,AgriMachinery,AgriTechnical,AppliedRD,BankCommercial,BankRetail,BankState,Beverages,Biotechnologies,BuildingMaterials,ChemicalFertilizers,CoalMining,ConstCommercial,ConstInfrastructure,ConstReconstruction,ConstResidential,Cybersecurity,EdTech,ElectricalEquipment,ElectronicsComponents,EnergyNuclearFuel,EnergyNuclearGen,EnergyNuclearWaste,EnergySolar,EnergyThermal,EnergyTransmission,EnergyWindHydro,Fishery,FoodProcessing,FoodServices,Forestry,FurnitureHome,GasHeatSupply,GeneralEduVoc,HealthMental,HealthPrivate,HealthPublic,HealthRehab,HeavyMachinery,HigherEducation,HotelsTourism,ITProductSaaS,ITServicesExport,IndustrialChemicals,IndustrialRobots,Insurance,InternationalFinance,InternetCloud,IronOreMining,LawEnforcement,LeatherFootwear,LogisticsWarehouse,MediaAdvertising,MedicalDevices,MetalProducts,MilArmoredVehicles,MilArtillery,MilEW,MilMissiles,MilNaval,MilProtectiveGear,MilSmallArms,MilUAVs,MilitaryDefense,NonBankFinance,NonFerrousMetal,NonMetalMining,OilGasExtraction,PetrochemicalsPlastics,PharmaAPI,PharmaGenerics,PharmaOriginals,PrecisionInstruments,PublicAdmin,PulpPaper,RealEstateOps,SecuritiesMarket,SteelIron,Telecom,TextilesApparel,Tobacco,TradeRetail,TradeWholesale,TransAir,TransRailCargo,TransRailPassenger,TransRoad,TransWater,TransportMachinery,UtilityServices,VeterinaryDrugs
AcadScience,0.000000,0.000000,0.000000,0.000000,0.000000,0.000000,0.000000,0.000000,0.000000,0.000000,0.000000,0.000000,0.000000,0.000000,0.000000,0.000000,0.000000,0.000000,0.000000,0.000000,0.000000,0.000000,0.000000,0.000000,0.000000,0.000000,0.000000,0.000000,0.000000,0.000000,0.000000,0.000000,0.000000,0.000000,0.000000,0.000000,0.000000,0.000000,0.000000,0.000000,0.000000,0.000000,0.000000,0.000000,0.000000,0.000000,0.000000,0.000000,0.000000,0.000000,0.000000,0.000000,0.000000,0.000000,0.000000,0.000000,0.000000,0.000000,0.000000,0.000000,0.000000,0.000000,0.000000,0.000000,0.000000,0.000000,0.000000,0.000000,0.000000,0.000000,0.000000,0.000000,0.000000,0.000000,0.000000,0.000000,0.000000,0.000000,0.000000,0.000000,0.000000,0.000000,0.000000,0.000000,0.000000,0.000000,0.000000,0.000000,0.000000,0.000000,0.000000,0.000000,0.000000
AgriGrain,0.000000,0.032000,0.032000,0.000000,0.032000,0.000000,0.000000,0.000000,0.000000,0.000000,0.000000,0.000000,0.000000,0.000000,0.000000,0.000000,0.000000,0.000000,0.000000,0.000000,0.000000,0.000000,0.000000,0.000000,0.000000,0.000000,0.000000,0.000000,0.000000,0.032000,0.088000,0.000000,0.032000,0.088000,0.000000,0.000000,0.000000,0.000000,0.000000,0.000000,0.000000,0.000000,0.000000,0.000000,0.000000,0.000000,0.000000,0.000000,0.000000,0.000000,0.000000,0.000000,0.088000,0.000000,0.000000,0.000000,0.000000,0.000000,0.000000,0.000000,0.000000,0.000000,0.000000,0.000000,0.000000,0.000000,0.000000,0.000000,0.000000,0.000000,0.000000,0.000000,0.000000,0.000000,0.000000,0.000000,0.000000,0.000000,0.000000,0.000000,0.000000,0.088000,0.000000,0.000000,0.000000,0.000000,0.000000,0.000000,0.000000,0.000000,0.000000,0.000000,0.000000
AgriLivestock,0.000000,0.016000,0.016000,0.000000,0.016000,0.000000,0.000000,0.000000,0.000000,0.000000,0.000000,0.000000,0.000000,0.000000,0.000000,0.000000,0.000000,0.000000,0.000000,0.000000,0.000000,0.000000,0.000000,0.000000,0.000000,0.000000,0.000000,0.000000,0.000000,0.016000,0.044000,0.000000,0.016000,0.044000,0.000000,0.000000,0.000000,0.000000,0.000000,0.000000,0.000000,0.000000,0.000000,0.000000,0.000000,0.000000,0.000000,0.000000,0.000000,0.000000,0.000000,0.000000,0.044000,0.000000,0.000000,0.000000,0.000000,0.000000,0.000000,0.000000,0.000000,0.000000,0.000000,0.000000,0.000000,0.000000,0.000000,0.000000,0.000000,0.000000,0.000000,0.000000,0.000000,0.000000,0.000000,0.000000,0.000000,0.000000,0.000000,0.000000,0.000000,0.044000,0.000000,0.000000,0.000000,0.000000,0.000000,0.000000,0.000000,0.000000,0.000000,0.000000,0.000000
AgriMachinery,0.000000,0.050000,0.000000,0.000000,0.040000,0.000000,0.000000,0.000000,0.000000,0.000000,0.000000,0.000000,0.000000,0.000000,0.000000,0.000000,0.000000,0.000000,0.000000,0.000000,0.000000,0.000000,0.000000,0.000000,0.000000,0.000000,0.000000,0.000000,0.000000,0.000000,0.000000,0.000000,0.000000,0.000000,0.000000,0.000000,0.000000,0.000000,0.000000,0.000000,0.000000,0.000000,0.000000,0.000000,0.000000,0.000000,0.000000,0.000000,0.000000,0.000000,0.000000,0.000000,0.000000,0.012000,0.000000,0.000000,0.000000,0.027000,0.027000,0.027000,0.027000,0.027000,0.027000,0.027000,0.027000,0.000000,0.000000,0.000000,0.000000,0.000000,0.000000,0.000000,0.000000,0.000000,0.000000,0.000000,0.000000,0.000000,0.000000,0.000000,0.000000,0.000000,0.000000,0.000000,0.000000,0.012000,0.012000,0.012000,0.012000,0.012000,0.000000,0.000000,0.000000
AgriTechnical,0.000000,0.024000,0.024000,0.000000,0.024000,0.000000,0.000000,0.000000,0.000000,0.000000,0.000000,0.000000,0.000000,0.000000,0.000000,0.000000,0.000000,0.000000,0.000000,0.000000,0.000000,0.000000,0.000000,0.000000,0.000000,0.000000,0.000000,0.000000,0.000000,0.024000,0.066000,0.000000,0.024000,0.066000,0.000000,0.000000,0.000000,0.000000,0.000000,0.000000,0.000000,0.000000,0.000000,0.000000,0.000000,0.000000,0.000000,0.000000,0.000000,0.000000,0.000000,0.000000,0.066000,0.000000,0.000000,0.000000,0.000000,0.000000,0.000000,0.000000,0.000000,0.000000,0.000000,0.000000,0.000000,0.000000,0.000000,0.000000,0.000000,0.000000,0.000000,0.000000,0.000000,0.000000,0.000000,0.000000,0.000000,0.000000,0.000000,0.000000,0.000000,0.066000,0.000000,0.000000,0.000000,0.000000,0.000000,0.000000,0.000000,0.000000,0.000000,0.000000,0.000000
AppliedRD,0.000000,0.000000,0.000000,0.000000,0.000000,0.000000,0.000000,0.000000,0.000000,0.000000,0.000000,0.000000,0.000000,0.000000,0.000000,0.000000,0.000000,0.000000,0.000000,0.000000,0.000000,0.000000,0.000000,0.000000,0.000000,0.000000,0.000000,0.000000,0.000000,0.000000,0.000000,0.000000,0.000000,0.000000,0.000000,0.000000,0.000000,0.000000,0.000000,0.000000,0.000000,0.000000,0.000000,0.000000,0.000000,0.000000,0.000000,0.000000,0.000000,0.000000,0.000000,0.000000,0.000000,0.000000,0.000000,0.000000,0.000000,0.000000,0.000000,0.000000,0.000000,0.000000,0.000000,0.000000,0.000000,0.000000,0.000000,0.000000,0.000000,0.000000,0.000000,0.000000,0.000000,0.000000,0.000000,0.000000,0.000000,0.000000,0.000000,0.000000,0.000000,0.000000,0.000000,0.000000,0.000000,0.000000,0.000000,0.000000,0.000000,0.000000,0.000000,0.000000,0.000000
BankCommercial,0.007000,0.007000,0.007000,0.014000,0.007000,0.007000,0.035000,0.035000,0.035000,0.000000,0.010500,0.010500,0.010500,0.007000,0.010500,0.010500,0.010500,0.010500,0.021000,0.007000,0.014000,0.014000,0.007000,0.007000,0.007000,0.007000,0.007000,0.007000,0.007000,0.007000,0.010500,0.000000,0.007000,0.010500,0.007000,0.007000,0.007000,0.007000,0.007000,0.007000,0.014000,0.007000,0.000000,0.021000,0.021000,0.010500,0.014000,0.035000,0.035000,0.021000,0.010500,0.007000,0.010500,0.014000,0.021000,0.010500,0.010500,0.000000,0.000000,0.000000,0.000000,0.000000,0.000000,0.000000,0.000000,0.007000,0.035000,0.010500,0.010500,0.007000,0.010500,0.010500,0.010500,0.010500,0.014000,0.007000,0.010500,0.010500,0.035000,0.010500,0.021000,0.010500,0.000000,0.017500,0.017500,0.014000,0.014000,0.014000,0.014000,0.014000,0.014000,0.007000,0.010500
BankRetail,0.004000,0.004000,0.004000,0.008000,0.004000,0.004000,0.020000,0.020000,0.020000,0.000000,0.006000,0.006000,0.006000,0.004000,0.006000,0.006000,0.006000,0.006000,0.012000,0.004000,0.008000,0.008000,0.004000,0.004000,0.004000,0.004000,0.004000,0.004000,0.004000,0.004000,0.006000,0.000000,0.004000,0.006000,0.004000,0.004000,0.004000,0.004000,0.004000,0.004000,0.008000,0.004000,0.000000,0.012000,0.012000,0.006000,0.008000,0.020000,0.020000,0.012000,0.006000,0.004000,0.006000,0.008000,0.012000,0.006000,0.006000,0.000000,0.000000,0.000000,0.000000,0.000000,0.000000,0.000000,0.000000,0.004000,0.020000,0.006000,0.006000,0.004000,0.006000,0.006000,0.006000,0.006000,0.008000,0.004000,0.006000,0.006000,0.020000,0.006000,0.012000,0.006000,0.000000,0.010000,0.010000,0.008000,0.008000,0.008000,0.008000,0.008000,0.008000,0.004000,0.006000
BankState,0.005000,0.005000,0.005000,0.010000,0.005000,0.005000,0.025000,0.025000,0.025000,0.000000,0.007500,0.007500,0.007500,0.005000,0.007500,0.007500,0.007500,0.007500,0.015000,0.005000,0.010000,0.010000,0.005000,0.005000,0.005000,0.005000,0.005000,0.005000,0.005000,0.005000,0.007500,0.000000,0.005000,0.007500,0.005000,0.005000,0.005000,0.005000,0.005000,0.005000,0.010000,0.005000,0.000000,0.015000,0.015000,0.007500,0.010000,0.025000,0.025000,0.015000,0.007500,0.005000,0.007500,0.010000,0.015000,0.007500,0.007500,0.000000,0.000000,0.000000,0.000000,0.000000,0.000000,0.000000,0.000000,0.005000,0.025000,0.007500,0.007500,0.005000,0.007500,0.007500,0.007500,0.007500,0.010000,0.005000,0.007500,0.007500,0.025000,0.007500,0.015000,0.007500,0.000000,0.012500,0.012500,0.010000,0.010000,0.010000,0.010000,0.010000,0.010000,0.005000,0.007500
Beverages,0.000000,0.000000,0.000000,0.000000,0.000000,0.000000,0.000000,0.000000,0.000000,0.000000,0.000000,0.000000,0.000000,0.000000,0.000000,0.000000,0.000000,0.000000,0.000000,0.000000,0.000000,0.000000,0.000000,0.000000,0.000000,0.000000,0.000000,0.000000,0.000000,0.000000,0.000000,0.000000,0.000000,0.000000,0.000000,0.000000,0.000000,0.000000,0.000000,0.000000,0.000000,0.000000,0.000000,0.000000,0.000000,0.000000,0.000000,0.000000,0.000000,0.000000,0.000000,0.000000,0.000000,0.000000,0.000000,0.000000,0.000000,0.000000,0.000000,0.000000,0.000000,0.000000,0.000000,0.000000,0.000000,0.000000,0.000000,0.000000,0.000000,0.000000,0.000000,0.000000,0.000000,0.000000,0.000000,0.000000,0.000000,0.000000,0.000000,0.000000,0.000000,0.000000,0.000000,0.000000,0.000000,0.000000,0.000000,0.000000,0.000000,0.000000,0.000000,0.000000,0.000000
Biotechnologies,0.000000,0.004000,0.004000,0.001600,0.004000,0.000000,0.000000,0.000000,0.000000,0.000000,0.004000,0.004000,0.004000,0.002000,0.002400,0.002400,0.002400,0.002400,0.000000,0.000000,0.001600,0.001600,0.002000,0.002000,0.002000,0.002000,0.002000,0.002000,0.002000,0.004000,0.002000,0.000000,0.004000,0.002000,0.000000,0.000000,0.006000,0.006000,0.006000,0.006000,0.001600,0.000000,0.000000,0.000000,0.000000,0.004000,0.001600,0.000000,0.000000,0.000000,0.001600,0.000000,0.002000,0.000000,0.000000,0.004000,0.001600,0.003200,0.003200,0.003200,0.003200,0.003200,0.003200,0.003200,0.003200,0.000000,0.000000,0.001600,0.004000,0.002000,0.004000,0.004000,0.004000,0.004000,0.001600,0.000000,0.004000,0.002400,0.000000,0.001600,0.000000,0.002000,0.000000,0.000000,0.000000,0.000000,0.000000,0.000000,0.000000,0.000000,0.001600,0.000000,0.004000
BuildingMaterials,0.000000,0.013000,0.013000,0.005200,0.013000,0.000000,0.000000,0.000000,0.000000,0.000000,0.013000,0.013000,0.013000,0.006500,0.187800,0.157800,0.287800,0.207800,0.000000,0.000000,0.005200,0.005200,0.006500,0.006500,0.006500,0.006500,0.006500,0.006500,0.006500,0.013000,0.006500,0.000000,0.013000,0.006500,0.000000,0.000000,0.019500,0.019500,0.019500,0.019500,0.005200,0.000000,0.000000,0.000000,0.000000,0.013000,0.005200,0.000000,0.000000,0.000000,0.005200,0.000000,0.006500,0.000000,0.000000,0.013000,0.005200,0.010400,0.010400,0.010400,0.010400,0.010400,0.010400,0.010400,0.010400,0.000000,0.000000,0.005200,0.013000,0.006500,0.013000,0.013000,0.013000,0.013000,0.005200,0.000000,0.013000,0.007800,0.000000,0.005200,0.000000,0.006500,0.000000,0.000000,0.000000,0.000000,0.000000,0.000000,0.000000,0.000000,0.005200,0.000000,0.013000
ChemicalFertilizers,0.000000,0.092000,0.012000,0.004800,0.112000,0.000000,0.000000,0.000000,0.000000,0.000000,0.012000,0.012000,0.012000,0.006000,0.007200,0.007200,0.007200,0.007200,0.000000,0.000000,0.004800,0.004800,0.006000,0.006000,0.006000,0.006000,0.006000,0.006000,0.006000,0.012000,0.006000,0.000000,0.012000,0.006000,0.000000,0.000000,0.018000,0.018000,0.018000,0.018000,0.004800,0.000000,0.000000,0.000000,0.000000,0.012000,0.004800,0.000000,0.000000,0.000000,0.004800,0.000000,0.006000,0.000000,0.000000,0.012000,0.004800,0.009600,0.009600,0.009600,0.009600,0.009600,0.009600,0.009600,0.009600,0.000000,0.000000,0.004800,0.012000,0.006000,0.012000,0.012000,0.012000,0.012000,0.004800,0.000000,0.012000,0.007200,0.000000,0.004800,0.000000,0.006000,0.000000,0.000000,0.000000,0.000000,0.000000,0.000000,0.000000,0.000000,0.004800,0.000000,0.012000
CoalMining,0.004211,0.006737,0.006737,0.005895,0.006737,0.004211,0.001684,0.001684,0.001684,0.005053,0.010105,0.010105,0.010105,0.006737,0.004211,0.004211,0.004211,0.004211,0.002526,0.004211,0.005895,0.005895,0.006737,0.006737,0.006737,0.006737,0.006737,0.006737,0.006737,0.006737,0.005053,0.005053,0.006737,0.005053,0.004211,0.004211,0.003368,0.003368,0.003368,0.003368,0.005895,0.004211,0.005053,0.002526,0.002526,0.010105,0.005895,0.001684,0.001684,0.002526,0.013474,0.004211,0.005053,0.015158,0.002526,0.010105,0.013474,0.007579,0.007579,0.007579,0.007579,0.007579,0.007579,0.007579,0.007579,0.004211,0.001684,0.013474,0.010105,0.006737,0.010105,0.010105,0.010105,0.010105,0.005895,0.004211,0.010105,0.004211,0.001684,0.013474,0.002526,0.005053,0.005053,0.003368,0.003368,0.015158,0.015158,0.015158,0.015158,0.015158,0.005895,0.004211,0.010105
ConstCommercial,0.000000,0.000000,0.000000,0.000000,0.000000,0.000000,0.000000,0.000000,0.000000,0.000000,0.000000,0.000000,0.000000,0.000000,0.000000,0.000000,0.000000,0.000000,0.000000,0.000000,0.000000,0.000000,0.000000,0.000000,0.000000,0.000000,0.000000,0.000000,0.000000,0.000000,0.000000,0.000000,0.000000,0.000000,0.000000,0.000000,0.000000,0.000000,0.000000,0.000000,0.000000,0.000000,0.000000,0.000000,0.000000,0.000000,0.000000,0.000000,0.000000,0.000000,0.000000,0.000000,0.000000,0.000000,0.000000,0.000000,0.000000,0.000000,0.000000,0.000000,0.000000,0.000000,0.000000,0.000000,0.000000,0.000000,0.000000,0.000000,0.000000,0.000000,0.000000,0.000000,0.000000,0.000000,0.000000,0.000000,0.000000,0.000000,0.000000,0.000000,0.000000,0.000000,0.000000,0.000000,0.000000,0.000000,0.000000,0.000000,0.000000,0.000000,0.000000,0.000000,0.000000
ConstInfrastructure,0.000000,0.000000,0.000000,0.000000,0.000000,0.000000,0.000000,0.000000,0.000000,0.000000,0.000000,0.000000,0.000000,0.000000,0.000000,0.000000,0.000000,0.000000,0.000000,0.000000,0.000000,0.000000,0.000000,0.000000,0.000000,0.000000,0.000000,0.000000,0.000000,0.000000,0.000000,0.000000,0.000000,0.000000,0.000000,0.000000,0.000000,0.000000,0.000000,0.000000,0.000000,0.000000,0.000000,0.000000,0.000000,0.000000,0.000000,0.000000,0.000000,0.000000,0.000000,0.000000,0.000000,0.000000,0.000000,0.000000,0.000000,0.000000,0.000000,0.000000,0.000000,0.000000,0.000000,0.000000,0.000000,0.000000,0.000000,0.000000,0.000000,0.000000,0.000000,0.000000,0.000000,0.000000,0.000000,0.000000,0.000000,0.000000,0.000000,0.000000,0.000000,0.000000,0.000000,0.000000,0.000000,0.000000,0.000000,0.000000,0.000000,0.000000,0.000000,0.000000,0.000000
ConstReconstruction,0.000000,0.000000,0.000000,0.000000,0.000000,0.000000,0.000000,0.000000,0.000000,0.000000,0.000000,0.000000,0.000000,0.000000,0.000000,0.000000,0.000000,0.000000,0.000000,0.000000,0.000000,0.000000,0.000000,0.000000,0.000000,0.000000,0.000000,0.000000,0.000000,0.000000,0.000000,0.000000,0.000000,0.000000,0.000000,0.000000,0.000000,0.000000,0.000000,0.000000,0.000000,0.000000,0.000000,0.000000,0.000000,0.000000,0.000000,0.000000,0.000000,0.000000,0.000000,0.000000,0.000000,0.000000,0.000000,0.000000,0.000000,0.000000,0.000000,0.000000,0.000000,0.000000,0.000000,0.000000,0.000000,0.000000,0.000000,0.000000,0.000000,0.000000,0.000000,0.000000,0.000000,0.000000,0.000000,0.000000,0.000000,0.000000,0.000000,0.000000,0.000000,0.000000,0.000000,0.000000,0.000000,0.000000,0.000000,0.000000,0.000000,0.000000,0.000000,0.000000,0.000000
ConstResidential,0.000000,0.000000,0.000000,0.000000,0.000000,0.000000,0.000000,0.000000,0.000000,0.000000,0.000000,0.000000,0.000000,0.000000,0.000000,0.000000,0.000000,0.000000,0.000000,0.000000,0.000000,0.000000,0.000000,0.000000,0.000000,0.000000,0.000000,0.000000,0.000000,0.000000,0.000000,0.000000,0.000000,0.000000,0.000000,0.000000,0.000000,0.000000,0.000000,0.000000,0.000000,0.000000,0.000000,0.000000,0.000000,0.000000,0.000000,0.000000,0.000000,0.000000,0.000000,0.000000,0.000000,0.000000,0.000000,0.000000,0.000000,0.000000,0.000000,0.000000,0.000000,0.000000,0.000000,0.000000,0.000000,0.000000,0.000000,0.000000,0.000000,0.000000,0.000000,0.000000,0.000000,0.000000,0.000000,0.000000,0.000000,0.000000,0.000000,0.000000,0.000000,0.000000,0.000000,0.000000,0.000000,0.000000,0.000000,0.000000,0.000000,0.000000,0.000000,0.000000,0.000000
Cybersecurity,0.010000,0.000000,0.000000,0.000000,0.000000,0.010000,0.091667,0.061667,0.091667,0.000000,0.000000,0.000000,0.000000,0.000000,0.000000,0.000000,0.000000,0.000000,0.008333,0.010000,0.000000,0.000000,0.000000,0.000000,0.000000,0.000000,0.000000,0.000000,0.000000,0.000000,0.000000,0.000000,0.000000,0.000000,0.010000,0.010000,0.000000,0.000000,0.000000,0.000000,0.000000,0.010000,0.000000,0.008333,0.008333,0.000000,0.000000,0.011667,0.011667,0.008333,0.000000,0.010000,0.000000,0.000000,0.008333,0.000000,0.000000,0.013333,0.013333,0.073333,0.013333,0.013333,0.013333,0.013333,0.013333,0.010000,0.011667,0.000000,0.000000,0.000000,0.000000,0.000000,0.000000,0.000000,0.000000,0.010000,0.000000,0.000000,0.011667,0.000000,0.008333,0.000000,0.000000,0.000000,0.000000,0.000000,0.000000,0.000000,0.000000,0.000000,0.000000,0.010000,0.000000
EdTech,0.000000,0.000000,0.000000,0.000000,0.000000,0.000000,0.000000,0.000000,0.000000,0.000000,0.000000,0.000000,0.000000,0.000000,0.000000,0.000000,0.000000,0.000000,0.000000,0.000000,0.000000,0.000000,0.000000,0.000000,0.000000,0.000000,0.000000,0.000000,0.000000,0.000000,0.000000,0.000000,0.000000,0.000000,0.000000,0.000000,0.000000,0.000000,0.000000,0.000000,0.000000,0.000000,0.000000,0.000000,0.000000,0.000000,0.000000,0.000000,0.000000,0.000000,0.000000,0.000000,0.000000,0.000000,0.000000,0.000000,0.000000,0.000000,0.000000,0.000000,0.000000,0.000000,0.000000,0.000000,0.000000,0.000000,0.000000,0.000000,0.000000,0.000000,0.000000,0.000000,0.000000,0.000000,0.000000,0.000000,0.000000,0.000000,0.000000,0.000000,0.000000,0.000000,0.000000,0.000000,0.000000,0.000000,0.000000,0.000000,0.000000,0.000000,0.000000,0.000000,0.000000
ElectricalEquipment,0.000000,0.000000,0.000000,0.000000,0.000000,0.000000,0.000000,0.000000,0.000000,0.000000,0.000000,0.000000,0.000000,0.000000,0.000000,0.000000,0.000000,0.000000,0.000000,0.000000,0.000000,0.000000,0.000000,0.000000,0.000000,0.000000,0.000000,0.000000,0.000000,0.000000,0.000000,0.000000,0.000000,0.000000,0.000000,0.000000,0.000000,0.000000,0.000000,0.000000,0.000000,0.000000,0.000000,0.000000,0.000000,0.000000,0.000000,0.000000,0.000000,0.000000,0.000000,0.000000,0.000000,0.012000,0.000000,0.000000,0.000000,0.027000,0.027000,0.027000,0.027000,0.027000,0.027000,0.027000,0.027000,0.000000,0.000000,0.000000,0.000000,0.000000,0.000000,0.000000,0.000000,0.000000,0.000000,0.000000,0.000000,0.000000,0.000000,0.000000,0.000000,0.000000,0.000000,0.000000,0.000000,0.012000,0.012000,0.012000,0.012000,0.012000,0.000000,0.000000,0.000000
ElectronicsComponents,0.000000,0.000000,0.000000,0.000000,0.000000,0.000000,0.000000,0.000000,0.000000,0.000000,0.000000,0.000000,0.000000,0.000000,0.000000,0.000000,0.000000,0.000000,0.000000,0.000000,0.000000,0.000000,0.000000,0.000000,0.000000,0.000000,0.000000,0.000000,0.000000,0.000000,0.000000,0.000000,0.000000,0.000000,0.000000,0.000000,0.000000,0.000000,0.000000,0.000000,0.000000,0.000000,0.000000,0.000000,0.000000,0.000000,0.150000,0.000000,0.000000,0.000000,0.000000,0.000000,0.000000,0.008000,0.000000,0.000000,0.000000,0.018000,0.018000,0.268000,0.198000,0.018000,0.018000,0.018000,0.218000,0.000000,0.000000,0.000000,0.000000,0.000000,0.000000,0.000000,0.000000,0.000000,0.150000,0.000000,0.000000,0.000000,0.000000,0.000000,0.000000,0.000000,0.000000,0.000000,0.000000,0.008000,0.008000,0.008000,0.008000,0.008000,0.000000,0.000000,0.000000
EnergyNuclearFuel,0.002632,0.004211,0.004211,0.003684,0.004211,0.002632,0.001053,0.001053,0.001053,0.003158,0.006316,0.006316,0.006316,0.004211,0.002632,0.002632,0.002632,0.002632,0.001579,0.002632,0.003684,0.003684,0.004211,0.154211,0.004211,0.004211,0.004211,0.004211,0.004211,0.004211,0.003158,0.003158,0.004211,0.003158,0.002632,0.002632,0.002105,0.002105,0.002105,0.002105,0.003684,0.002632,0.003158,0.001579,0.001579,0.006316,0.003684,0.001053,0.001053,0.001579,0.008421,0.002632,0.003158,0.009474,0.001579,0.006316,0.008421,0.004737,0.004737,0.004737,0.004737,0.004737,0.004737,0.004737,0.004737,0.002632,0.001053,0.008421,0.006316,0.004211,0.006316,0.006316,0.006316,0.006316,0.003684,0.002632,0.006316,0.002632,0.001053,0.008421,0.001579,0.003158,0.003158,0.002105,0.002105,0.009474,0.009474,0.009474,0.009474,0.009474,0.003684,0.002632,0.006316
EnergyNuclearGen,0.013158,0.021053,0.021053,0.018421,0.021053,0.013158,0.005263,0.005263,0.005263,0.015789,0.031579,0.031579,0.031579,0.021053,0.013158,0.013158,0.013158,0.013158,0.007895,0.013158,0.018421,0.018421,0.021053,0.021053,0.021053,0.021053,0.021053,0.021053,0.021053,0.021053,0.015789,0.015789,0.021053,0.015789,0.013158,0.013158,0.010526,0.010526,0.010526,0.010526,0.018421,0.013158,0.015789,0.007895,0.007895,0.031579,0.018421,0.005263,0.005263,0.007895,0.042105,0.013158,0.015789,0.047368,0.007895,0.031579,0.042105,0.023684,0.023684,0.023684,0.023684,0.023684,0.023684,0.023684,0.023684,0.013158,0.005263,0.042105,0.031579,0.021053,0.031579,0.031579,0.031579,0.031579,0.018421,0.013158,0.031579,0.013158,0.005263,0.042105,0.007895,0.015789,0.015789,0.010526,0.010526,0.047368,0.047368,0.047368,0.047368,0.047368,0.018421,0.013158,0.031579
EnergyNuclearWaste,0.001579,0.002526,0.002526,0.002211,0.002526,0.001579,0.000632,0.000632,0.000632,0.001895,0.003789,0.003789,0.003789,0.002526,0.001579,0.001579,0.001579,0.001579,0.000947,0.001579,0.002211,0.002211,0.052526,0.002526,0.002526,0.002526,0.002526,0.002526,0.002526,0.002526,0.001895,0.001895,0.002526,0.001895,0.001579,0.001579,0.001263,0.001263,0.001263,0.001263,0.002211,0.001579,0.001895,0.000947,0.000947,0.003789,0.002211,0.000632,0.000632,0.000947,0.005053,0.001579,0.001895,0.005684,0.000947,0.003789,0.005053,0.002842,0.002842,0.002842,0.002842,0.002842,0.002842,0.002842,0.002842,0.001579,0.000632,0.005053,0.003789,0.002526,0.003789,0.003789,0.003789,0.003789,0.002211,0.001579,0.003789,0.001579,0.000632,0.005053,0.000947,0.001895,0.001895,0.001263,0.001263,0.005684,0.005684,0.005684,0.005684,0.005684,0.002211,0.001579,0.003789
EnergySolar,0.003684,0.005895,0.005895,0.005158,0.005895,0.003684,0.001474,0.001474,0.001474,0.004421,0.008842,0.008842,0.008842,0.005895,0.003684,0.003684,0.003684,0.003684,0.002211,0.003684,0.005158,0.005158,0.005895,0.005895,0.005895,0.005895,0.005895,0.005895,0.005895,0.005895,0.004421,0.004421,0.005895,0.004421,0.003684,0.003684,0.002947,0.002947,0.002947,0.002947,0.005158,0.003684,0.004421,0.002211,0.002211,0.008842,0.005158,0.001474,0.001474,0.002211,0.011789,0.003684,0.004421,0.013263,0.002211,0.008842,0.011789,0.006632,0.006632,0.006632,0.006632,0.006632,0.006632,0.006632,0.006632,0.003684,0.001474,0.011789,0.008842,0.005895,0.008842,0.008842,0.008842,0.008842,0.005158,0.003684,0.008842,0.003684,0.001474,0.011789,0.002211,0.004421,0.004421,0.002947,0.002947,0.013263,0.013263,0.013263,0.013263,0.013263,0.005158,0.003684,0.008842
EnergyThermal,0.010526,0.016842,0.016842,0.014737,0.016842,0.010526,0.004211,0.004211,0.004211,0.012632,0.025263,0.025263,0.025263,0.016842,0.010526,0.010526,0.010526,0.010526,0.006316,0.010526,0.014737,0.014737,0.016842,0.016842,0.016842,0.016842,0.016842,0.016842,0.016842,0.016842,0.012632,0.012632,0.016842,0.012632,0.010526,0.010526,0.008421,0.008421,0.008421,0.008421,0.014737,0.010526,0.012632,0.006316,0.006316,0.025263,0.014737,0.004211,0.004211,0.006316,0.033684,0.010526,0.012632,0.037895,0.006316,0.025263,0.033684,0.018947,0.018947,0.018947,0.018947,0.018947,0.018947,0.018947,0.018947,0.010526,0.004211,0.033684,0.025263,0.016842,0.025263,0.025263,0.025263,0.025263,0.014737,0.010526,0.025263,0.010526,0.004211,0.033684,0.006316,0.012632,0.012632,0.008421,0.008421,0.037895,0.037895,0.037895,0.037895,0.037895,0.014737,0.010526,0.025263
EnergyTransmission,0.005263,0.008421,0.008421,0.007368,0.008421,0.005263,0.002105,0.002105,0.002105,0.006316,0.012632,0.012632,0.012632,0.008421,0.005263,0.005263,0.005263,0.005263,0.003158,0.005263,0.007368,0.007368,0.008421,0.008421,0.008421,0.008421,0.008421,0.008421,0.008421,0.008421,0.006316,0.006316,0.008421,0.006316,0.005263,0.005263,0.004211,0.004211,0.004211,0.004211,0.007368,0.005263,0.006316,0.003158,0.003158,0.012632,0.007368,0.002105,0.002105,0.003158,0.016842,0.005263,0.006316,0.018947,0.003158,0.012632,0.016842,0.009474,0.009474,0.009474,0.009474,0.009474,0.009474,0.009474,0.009474,0.005263,0.002105,0.016842,0.012632,0.008421,0.012632,0.012632,0.012632,0.012632,0.007368,0.005263,0.012632,0.005263,0.002105,0.016842,0.003158,0.006316,0.006316,0.004211,0.004211,0.018947,0.018947,0.018947,0.018947,0.018947,0.007368,0.005263,0.012632
EnergyWindHydro,0.002632,0.004211,0.004211,0.003684,0.004211,0.002632,0.001053,0.001053,0.001053,0.003158,0.006316,0.006316,0.006316,0.004211,0.002632,0.002632,0.002632,0.002632,0.001579,0.002632,0.003684,0.003684,0.004211,0.004211,0.004211,0.004211,0.004211,0.004211,0.004211,0.004211,0.003158,0.003158,0.004211,0.003158,0.002632,0.002632,0.002105,0.002105,0.002105,0.002105,0.003684,0.002632,0.003158,0.001579,0.001579,0.006316,0.003684,0.001053,0.001053,0.001579,0.008421,0.002632,0.003158,0.009474,0.001579,0.006316,0.008421,0.004737,0.004737,0.004737,0.004737,0.004737,0.004737,0.004737,0.004737,0.002632,0.001053,0.008421,0.006316,0.004211,0.006316,0.006316,0.006316,0.006316,0.003684,0.002632,0.006316,0.002632,0.001053,0.008421,0.001579,0.003158,0.003158,0.002105,0.002105,0.009474,0.009474,0.009474,0.009474,0.009474,0.003684,0.002632,0.006316
Fishery,0.000000,0.001600,0.001600,0.000000,0.001600,0.000000,0.000000,0.000000,0.000000,0.000000,0.000000,0.000000,0.000000,0.000000,0.000000,0.000000,0.000000,0.000000,0.000000,0.000000,0.000000,0.000000,0.000000,0.000000,0.000000,0.000000,0.000000,0.000000,0.000000,0.001600,0.004400,0.000000,0.001600,0.004400,0.000000,0.000000,0.000000,0.000000,0.000000,0.000000,0.000000,0.000000,0.000000,0.000000,0.000000,0.000000,0.000000,0.000000,0.000000,0.000000,0.000000,0.000000,0.004400,0.000000,0.000000,0.000000,0.000000,0.000000,0.000000,0.000000,0.000000,0.000000,0.000000,0.000000,0.000000,0.000000,0.000000,0.000000,0.000000,0.000000,0.000000,0.000000,0.000000,0.000000,0.000000,0.000000,0.000000,0.000000,0.000000,0.000000,0.000000,0.004400,0.000000,0.000000,0.000000,0.000000,0.000000,0.000000,0.000000,0.000000,0.000000,0.000000,0.000000
FoodProcessing,0.000000,0.000000,0.000000,0.000000,0.000000,0.000000,0.000000,0.000000,0.000000,0.050000,0.000000,0.000000,0.000000,0.000000,0.000000,0.000000,0.000000,0.000000,0.010000,0.000000,0.000000,0.000000,0.000000,0.000000,0.000000,0.000000,0.000000,0.000000,0.000000,0.000000,0.000000,0.050000,0.000000,0.000000,0.000000,0.000000,0.000000,0.000000,0.000000,0.000000,0.000000,0.000000,0.050000,0.010000,0.010000,0.000000,0.000000,0.000000,0.000000,0.010000,0.000000,0.000000,0.000000,0.000000,0.010000,0.000000,0.000000,0.000000,0.000000,0.000000,0.000000,0.000000,0.000000,0.000000,0.000000,0.000000,0.000000,0.000000,0.000000,0.000000,0.000000,0.000000,0.000000,0.000000,0.000000,0.000000,0.000000,0.000000,0.000000,0.000000,0.010000,0.000000,0.050000,0.150000,0.150000,0.000000,0.000000,0.000000,0.000000,0.000000,0.000000,0.000000,0.000000
FoodServices,0.000000,0.000000,0.000000,0.000000,0.000000,0.000000,0.000000,0.000000,0.000000,0.000000,0.000000,0.000000,0.000000,0.000000,0.000000,0.000000,0.000000,0.000000,0.000000,0.000000,0.000000,0.000000,0.000000,0.000000,0.000000,0.000000,0.000000,0.000000,0.000000,0.000000,0.000000,0.000000,0.000000,0.000000,0.000000,0.000000,0.000000,0.000000,0.000000,0.000000,0.000000,0.000000,0.000000,0.000000,0.000000,0.000000,0.000000,0.000000,0.000000,0.000000,0.000000,0.000000,0.000000,0.000000,0.000000,0.000000,0.000000,0.000000,0.000000,0.000000,0.000000,0.000000,0.000000,0.000000,0.000000,0.000000,0.000000,0.000000,0.000000,0.000000,0.000000,0.000000,0.000000,0.000000,0.000000,0.000000,0.000000,0.000000,0.000000,0.000000,0.000000,0.000000,0.000000,0.000000,0.000000,0.000000,0.000000,0.000000,0.000000,0.000000,0.000000,0.000000,0.000000
Forestry,0.000000,0.006400,0.006400,0.000000,0.006400,0.000000,0.000000,0.000000,0.000000,0.000000,0.000000,0.000000,0.000000,0.000000,0.000000,0.000000,0.000000,0.000000,0.000000,0.000000,0.000000,0.000000,0.000000,0.000000,0.000000,0.000000,0.000000,0.000000,0.000000,0.006400,0.017600,0.000000,0.006400,0.017600,0.000000,0.000000,0.000000,0.000000,0.000000,0.000000,0.000000,0.000000,0.000000,0.000000,0.000000,0.000000,0.000000,0.000000,0.000000,0.000000,0.000000,0.000000,0.017600,0.000000,0.000000,0.000000,0.000000,0.000000,0.000000,0.000000,0.000000,0.000000,0.000000,0.000000,0.000000,0.000000,0.000000,0.000000,0.000000,0.000000,0.000000,0.000000,0.000000,0.000000,0.000000,0.000000,0.000000,0.000000,0.000000,0.000000,0.000000,0.017600,0.000000,0.000000,0.000000,0.000000,0.000000,0.000000,0.000000,0.000000,0.000000,0.000000,0.000000
FurnitureHome,0.000000,0.000000,0.000000,0.000000,0.000000,0.000000,0.000000,0.000000,0.000000,0.015000,0.000000,0.000000,0.000000,0.000000,0.000000,0.000000,0.000000,0.000000,0.003000,0.000000,0.000000,0.000000,0.000000,0.000000,0.000000,0.000000,0.000000,0.000000,0.000000,0.000000,0.000000,0.015000,0.000000,0.000000,0.000000,0.000000,0.000000,0.000000,0.000000,0.000000,0.000000,0.000000,0.015000,0.003000,0.003000,0.000000,0.000000,0.000000,0.000000,0.003000,0.000000,0.000000,0.000000,0.000000,0.003000,0.000000,0.000000,0.000000,0.000000,0.000000,0.000000,0.000000,0.000000,0.000000,0.000000,0.000000,0.000000,0.000000,0.000000,0.000000,0.000000,0.000000,0.000000,0.000000,0.000000,0.000000,0.000000,0.000000,0.000000,0.000000,0.003000,0.000000,0.015000,0.045000,0.045000,0.000000,0.000000,0.000000,0.000000,0.000000,0.000000,0.000000,0.000000
GasHeatSupply,0.000000,0.000000,0.000000,0.000000,0.000000,0.000000,0.000000,0.000000,0.000000,0.000000,0.000000,0.000000,0.000000,0.000000,0.000000,0.000000,0.000000,0.000000,0.000000,0.000000,0.000000,0.000000,0.000000,0.000000,0.000000,0.000000,0.000000,0.000000,0.000000,0.000000,0.000000,0.000000,0.000000,0.000000,0.000000,0.000000,0.000000,0.000000,0.000000,0.000000,0.000000,0.000000,0.000000,0.000000,0.000000,0.000000,0.000000,0.000000,0.000000,0.000000,0.000000,0.000000,0.000000,0.000000,0.000000,0.000000,0.000000,0.000000,0.000000,0.000000,0.000000,0.000000,0.000000,0.000000,0.000000,0.000000,0.000000,0.000000,0.000000,0.000000,0.000000,0.000000,0.000000,0.000000,0.000000,0.000000,0.000000,0.000000,0.000000,0.000000,0.000000,0.000000,0.000000,0.000000,0.000000,0.000000,0.000000,0.000000,0.000000,0.000000,0.000000,0.000000,0.000000
GeneralEduVoc,0.000000,0.000000,0.000000,0.000000,0.000000,0.000000,0.000000,0.000000,0.000000,0.000000,0.000000,0.000000,0.000000,0.000000,0.000000,0.000000,0.000000,0.000000,0.000000,0.000000,0.000000,0.000000,0.000000,0.000000,0.000000,0.000000,0.000000,0.000000,0.000000,0.000000,0.000000,0.000000,0.000000,0.000000,0.000000,0.000000,0.000000,0.000000,0.000000,0.000000,0.000000,0.000000,0.000000,0.000000,0.000000,0.000000,0.000000,0.000000,0.000000,0.000000,0.000000,0.000000,0.000000,0.000000,0.000000,0.000000,0.000000,0.000000,0.000000,0.000000,0.000000,0.000000,0.000000,0.000000,0.000000,0.000000,0.000000,0.000000,0.000000,0.000000,0.000000,0.000000,0.000000,0.000000,0.000000,0.000000,0.000000,0.000000,0.000000,0.000000,0.000000,0.000000,0.000000,0.000000,0.000000,0.000000,0.000000,0.000000,0.000000,0.000000,0.000000,0.000000,0.000000
HealthMental,0.000000,0.000000,0.000000,0.000000,0.000000,0.000000,0.000000,0.000000,0.000000,0.000000,0.000000,0.000000,0.000000,0.000000,0.000000,0.000000,0.000000,0.000000,0.000000,0.000000,0.000000,0.000000,0.000000,0.000000,0.000000,0.000000,0.000000,0.000000,0.000000,0.000000,0.000000,0.000000,0.000000,0.000000,0.000000,0.000000,0.000000,0.000000,0.000000,0.000000,0.000000,0.000000,0.000000,0.000000,0.000000,0.000000,0.000000,0.000000,0.000000,0.000000,0.000000,0.000000,0.000000,0.000000,0.000000,0.000000,0.000000,0.000000,0.000000,0.000000,0.000000,0.000000,0.000000,0.000000,0.000000,0.000000,0.000000,0.000000,0.000000,0.000000,0.000000,0.000000,0.000000,0.000000,0.000000,0.000000,0.000000,0.000000,0.000000,0.000000,0.000000,0.000000,0.000000,0.000000,0.000000,0.000000,0.000000,0.000000,0.000000,0.000000,0.000000,0.000000,0.000000
HealthPrivate,0.000000,0.000000,0.000000,0.000000,0.000000,0.000000,0.000000,0.000000,0.000000,0.000000,0.000000,0.000000,0.000000,0.000000,0.000000,0.000000,0.000000,0.000000,0.000000,0.000000,0.000000,0.000000,0.000000,0.000000,0.000000,0.000000,0.000000,0.000000,0.000000,0.000000,0.000000,0.000000,0.000000,0.000000,0.000000,0.000000,0.000000,0.000000,0.000000,0.000000,0.000000,0.000000,0.000000,0.000000,0.000000,0.000000,0.000000,0.000000,0.000000,0.000000,0.000000,0.000000,0.000000,0.000000,0.000000,0.000000,0.000000,0.000000,0.000000,0.000000,0.000000,0.000000,0.000000,0.000000,0.000000,0.000000,0.000000,0.000000,0.000000,0.000000,0.000000,0.000000,0.000000,0.000000,0.000000,0.000000,0.000000,0.000000,0.000000,0.000000,0.000000,0.000000,0.000000,0.000000,0.000000,0.000000,0.000000,0.000000,0.000000,0.000000,0.000000,0.000000,0.000000
HealthPublic,0.000000,0.000000,0.000000,0.000000,0.000000,0.000000,0.000000,0.000000,0.000000,0.000000,0.000000,0.000000,0.000000,0.000000,0.000000,0.000000,0.000000,0.000000,0.000000,0.000000,0.000000,0.000000,0.000000,0.000000,0.000000,0.000000,0.000000,0.000000,0.000000,0.000000,0.000000,0.000000,0.000000,0.000000,0.000000,0.000000,0.000000,0.000000,0.000000,0.000000,0.000000,0.000000,0.000000,0.000000,0.000000,0.000000,0.000000,0.000000,0.000000,0.000000,0.000000,0.000000,0.000000,0.000000,0.000000,0.000000,0.000000,0.000000,0.000000,0.000000,0.000000,0.000000,0.000000,0.000000,0.000000,0.000000,0.000000,0.000000,0.000000,0.000000,0.000000,0.000000,0.000000,0.000000,0.000000,0.000000,0.000000,0.000000,0.000000,0.000000,0.000000,0.000000,0.000000,0.000000,0.000000,0.000000,0.000000,0.000000,0.000000,0.000000,0.000000,0.000000,0.000000
HealthRehab,0.000000,0.000000,0.000000,0.000000,0.000000,0.000000,0.000000,0.000000,0.000000,0.000000,0.000000,0.000000,0.000000,0.000000,0.000000,0.000000,0.000000,0.000000,0.000000,0.000000,0.000000,0.000000,0.000000,0.000000,0.000000,0.000000,0.000000,0.000000,0.000000,0.000000,0.000000,0.000000,0.000000,0.000000,0.000000,0.000000,0.000000,0.000000,0.000000,0.000000,0.000000,0.000000,0.000000,0.000000,0.000000,0.000000,0.000000,0.000000,0.000000,0.000000,0.000000,0.000000,0.000000,0.000000,0.000000,0.000000,0.000000,0.000000,0.000000,0.000000,0.000000,0.000000,0.000000,0.000000,0.000000,0.000000,0.000000,0.000000,0.000000,0.000000,0.000000,0.000000,0.000000,0.000000,0.000000,0.000000,0.000000,0.000000,0.000000,0.000000,0.000000,0.000000,0.000000,0.000000,0.000000,0.000000,0.000000,0.000000,0.000000,0.000000,0.000000,0.000000,0.000000
HeavyMachinery,0.000000,0.000000,0.000000,0.000000,0.000000,0.000000,0.000000,0.000000,0.000000,0.000000,0.000000,0.000000,0.000000,0.000000,0.000000,0.000000,0.000000,0.000000,0.000000,0.000000,0.000000,0.000000,0.000000,0.000000,0.000000,0.000000,0.000000,0.000000,0.000000,0.000000,0.000000,0.000000,0.000000,0.000000,0.000000,0.000000,0.000000,0.000000,0.000000,0.000000,0.000000,0.000000,0.000000,0.000000,0.000000,0.000000,0.000000,0.000000,0.000000,0.000000,0.000000,0.000000,0.000000,0.020000,0.000000,0.000000,0.000000,0.045000,0.045000,0.045000,0.045000,0.045000,0.045000,0.045000,0.045000,0.000000,0.000000,0.000000,0.000000,0.000000,0.000000,0.000000,0.000000,0.000000,0.000000,0.000000,0.000000,0.000000,0.000000,0.000000,0.000000,0.000000,0.000000,0.000000,0.000000,0.020000,0.020000,0.020000,0.020000,0.020000,0.000000,0.000000,0.000000
HigherEducation,0.000000,0.000000,0.000000,0.000000,0.000000,0.000000,0.000000,0.000000,0.000000,0.000000,0.000000,0.000000,0.000000,0.000000,0.000000,0.000000,0.000000,0.000000,0.000000,0.000000,0.000000,0.000000,0.000000,0.000000,0.000000,0.000000,0.000000,0.000000,0.000000,0.000000,0.000000,0.000000,0.000000,0.000000,0.000000,0.000000,0.000000,0.000000,0.000000,0.000000,0.000000,0.000000,0.000000,0.000000,0.000000,0.000000,0.000000,0.000000,0.000000,0.000000,0.000000,0.000000,0.000000,0.000000,0.000000,0.000000,0.000000,0.000000,0.000000,0.000000,0.000000,0.000000,0.000000,0.000000,0.000000,0.000000,0.000000,0.000000,0.000000,0.000000,0.000000,0.000000,0.000000,0.000000,0.000000,0.000000,0.000000,0.000000,0.000000,0.000000,0.000000,0.000000,0.000000,0.000000,0.000000,0.000000,0.000000,0.000000,0.000000,0.000000,0.000000,0.000000,0.000000
HotelsTourism,0.000000,0.000000,0.000000,0.000000,0.000000,0.000000,0.000000,0.000000,0.000000,0.000000,0.000000,0.000000,0.000000,0.000000,0.000000,0.000000,0.000000,0.000000,0.000000,0.000000,0.000000,0.000000,0.000000,0.000000,0.000000,0.000000,0.000000,0.000000,0.000000,0.000000,0.000000,0.000000,0.000000,0.000000,0.000000,0.000000,0.000000,0.000000,0.000000,0.000000,0.000000,0.000000,0.000000,0.000000,0.000000,0.000000,0.000000,0.000000,0.000000,0.000000,0.000000,0.000000,0.000000,0.000000,0.000000,0.000000,0.000000,0.000000,0.000000,0.000000,0.000000,0.000000,0.000000,0.000000,0.000000,0.000000,0.000000,0.000000,0.000000,0.000000,0.000000,0.000000,0.000000,0.000000,0.000000,0.000000,0.000000,0.000000,0.000000,0.000000,0.000000,0.000000,0.000000,0.000000,0.000000,0.000000,0.000000,0.000000,0.000000,0.000000,0.000000,0.000000,0.000000
ITProductSaaS,0.010000,0.000000,0.000000,0.000000,0.000000,0.010000,0.011667,0.011667,0.011667,0.000000,0.000000,0.000000,0.000000,0.000000,0.000000,0.000000,0.000000,0.000000,0.008333,0.010000,0.000000,0.000000,0.000000,0.000000,0.000000,0.000000,0.000000,0.000000,0.000000,0.000000,0.000000,0.000000,0.000000,0.000000,0.010000,0.010000,0.000000,0.000000,0.000000,0.000000,0.000000,0.010000,0.000000,0.008333,0.008333,0.000000,0.000000,0.011667,0.011667,0.008333,0.000000,0.010000,0.000000,0.000000,0.008333,0.000000,0.000000,0.013333,0.013333,0.053333,0.013333,0.013333,0.013333,0.013333,0.013333,0.010000,0.011667,0.000000,0.000000,0.000000,0.000000,0.000000,0.000000,0.000000,0.000000,0.010000,0.000000,0.000000,0.011667,0.000000,0.008333,0.000000,0.000000,0.000000,0.000000,0.000000,0.000000,0.000000,0.000000,0.000000,0.000000,0.010000,0.000000
ITServicesExport,0.010000,0.000000,0.000000,0.000000,0.000000,0.010000,0.011667,0.011667,0.011667,0.000000,0.000000,0.000000,0.000000,0.000000,0.000000,0.000000,0.000000,0.000000,0.008333,0.010000,0.000000,0.000000,0.000000,0.000000,0.000000,0.000000,0.000000,0.000000,0.000000,0.000000,0.000000,0.000000,0.000000,0.000000,0.010000,0.010000,0.000000,0.000000,0.000000,0.000000,0.000000,0.010000,0.000000,0.008333,0.008333,0.000000,0.000000,0.011667,0.011667,0.008333,0.000000,0.010000,0.000000,0.000000,0.008333,0.000000,0.000000,0.013333,0.013333,0.013333,0.013333,0.013333,0.013333,0.013333,0.013333,0.010000,0.011667,0.000000,0.000000,0.000000,0.000000,0.000000,0.000000,0.000000,0.000000,0.010000,0.000000,0.000000,0.011667,0.000000,0.008333,0.000000,0.000000,0.000000,0.000000,0.000000,0.000000,0.000000,0.000000,0.000000,0.000000,0.010000,0.000000
IndustrialChemicals,0.000000,0.010000,0.010000,0.004000,0.010000,0.000000,0.000000,0.000000,0.000000,0.000000,0.010000,0.010000,0.010000,0.005000,0.006000,0.006000,0.006000,0.006000,0.000000,0.000000,0.004000,0.004000,0.005000,0.005000,0.005000,0.005000,0.005000,0.005000,0.005000,0.010000,0.005000,0.000000,0.010000,0.005000,0.000000,0.000000,0.015000,0.015000,0.015000,0.015000,0.004000,0.000000,0.000000,0.000000,0.000000,0.010000,0.004000,0.000000,0.000000,0.000000,0.004000,0.000000,0.005000,0.000000,0.000000,0.010000,0.004000,0.008000,0.008000,0.008000,0.008000,0.008000,0.008000,0.008000,0.008000,0.000000,0.000000,0.004000,0.010000,0.005000,0.010000,0.010000,0.010000,0.010000,0.004000,0.000000,0.010000,0.006000,0.000000,0.004000,0.000000,0.005000,0.000000,0.000000,0.000000,0.000000,0.000000,0.000000,0.000000,0.000000,0.004000,0.000000,0.010000
IndustrialRobots,0.000000,0.000000,0.000000,0.000000,0.000000,0.000000,0.000000,0.000000,0.000000,0.000000,0.000000,0.000000,0.000000,0.000000,0.000000,0.000000,0.000000,0.000000,0.000000,0.000000,0.000000,0.000000,0.000000,0.000000,0.000000,0.000000,0.000000,0.000000,0.000000,0.000000,0.000000,0.000000,0.000000,0.000000,0.000000,0.000000,0.000000,0.000000,0.000000,0.000000,0.000000,0.000000,0.000000,0.000000,0.000000,0.000000,0.000000,0.000000,0.000000,0.000000,0.000000,0.000000,0.000000,0.004000,0.000000,0.000000,0.000000,0.009000,0.009000,0.009000,0.009000,0.009000,0.009000,0.009000,0.009000,0.000000,0.000000,0.000000,0.000000,0.000000,0.000000,0.000000,0.000000,0.000000,0.000000,0.000000,0.000000,0.000000,0.000000,0.000000,0.000000,0.000000,0.000000,0.000000,0.000000,0.004000,0.004000,0.004000,0.004000,0.004000,0.000000,0.000000,0.000000
Insurance,0.001600,0.001600,0.001600,0.003200,0.001600,0.001600,0.008000,0.008000,0.008000,0.000000,0.002400,0.002400,0.002400,0.001600,0.002400,0.002400,0.002400,0.002400,0.004800,0.001600,0.003200,0.003200,0.001600,0.001600,0.001600,0.001600,0.001600,0.001600,0.001600,0.001600,0.002400,0.000000,0.001600,0.002400,0.001600,0.001600,0.001600,0.001600,0.001600,0.001600,0.003200,0.001600,0.000000,0.004800,0.004800,0.002400,0.003200,0.008000,0.008000,0.004800,0.002400,0.001600,0.002400,0.003200,0.004800,0.002400,0.002400,0.000000,0.000000,0.000000,0.000000,0.000000,0.000000,0.000000,0.000000,0.001600,0.008000,0.002400,0.002400,0.001600,0.002400,0.002400,0.002400,0.002400,0.003200,0.001600,0.002400,0.002400,0.008000,0.002400,0.004800,0.002400,0.000000,0.004000,0.004000,0.003200,0.003200,0.003200,0.003200,0.003200,0.003200,0.001600,0.002400
InternationalFinance,0.000400,0.000400,0.000400,0.000800,0.000400,0.000400,0.002000,0.002000,0.002000,0.000000,0.000600,0.000600,0.000600,0.000400,0.000600,0.000600,0.000600,0.000600,0.001200,0.000400,0.000800,0.000800,0.000400,0.000400,0.000400,0.000400,0.000400,0.000400,0.000400,0.000400,0.000600,0.000000,0.000400,0.000600,0.000400,0.000400,0.000400,0.000400,0.000400,0.000400,0.000800,0.000400,0.000000,0.001200,0.001200,0.000600,0.000800,0.002000,0.002000,0.001200,0.000600,0.000400,0.000600,0.000800,0.001200,0.000600,0.000600,0.000000,0.000000,0.000000,0.000000,0.000000,0.000000,0.000000,0.000000,0.000400,0.002000,0.000600,0.000600,0.000400,0.000600,0.000600,0.000600,0.000600,0.000800,0.000400,0.000600,0.000600,0.002000,0.000600,0.001200,0.000600,0.000000,0.001000,0.001000,0.000800,0.000800,0.000800,0.000800,0.000800,0.000800,0.000400,0.000600
InternetCloud,0.010000,0.000000,0.000000,0.000000,0.000000,0.010000,0.011667,0.011667,0.011667,0.000000,0.000000,0.000000,0.000000,0.000000,0.000000,0.000000,0.000000,0.000000,0.008333,0.010000,0.000000,0.000000,0.000000,0.000000,0.000000,0.000000,0.000000,0.000000,0.000000,0.000000,0.000000,0.000000,0.000000,0.000000,0.010000,0.010000,0.000000,0.000000,0.000000,0.000000,0.000000,0.010000,0.000000,0.008333,0.008333,0.000000,0.000000,0.011667,0.011667,0.008333,0.000000,0.010000,0.000000,0.000000,0.008333,0.000000,0.000000,0.013333,0.013333,0.013333,0.013333,0.013333,0.013333,0.013333,0.013333,0.010000,0.011667,0.000000,0.000000,0.000000,0.000000,0.000000,0.000000,0.000000,0.000000,0.010000,0.000000,0.000000,0.011667,0.000000,0.008333,0.000000,0.000000,0.000000,0.000000,0.000000,0.000000,0.000000,0.000000,0.000000,0.000000,0.010000,0.000000
IronOreMining,0.000000,0.000000,0.000000,0.020000,0.000000,0.000000,0.000000,0.000000,0.000000,0.000000,0.000000,0.000000,0.000000,0.004000,0.012000,0.012000,0.012000,0.012000,0.000000,0.000000,0.020000,0.020000,0.004000,0.004000,0.004000,0.004000,0.004000,0.004000,0.004000,0.000000,0.000000,0.000000,0.000000,0.000000,0.000000,0.000000,0.000000,0.000000,0.000000,0.000000,0.020000,0.000000,0.000000,0.000000,0.000000,0.000000,0.020000,0.000000,0.000000,0.000000,0.012000,0.000000,0.000000,0.000000,0.000000,0.000000,0.012000,0.015000,0.015000,0.015000,0.015000,0.015000,0.015000,0.015000,0.015000,0.000000,0.000000,0.012000,0.000000,0.004000,0.000000,0.000000,0.000000,0.000000,0.020000,0.000000,0.000000,0.012000,0.000000,0.012000,0.000000,0.000000,0.000000,0.000000,0.000000,0.000000,0.000000,0.000000,0.000000,0.000000,0.020000,0.000000,0.000000
LawEnforcement,0.000000,0.000000,0.000000,0.000000,0.000000,0.000000,0.000000,0.000000,0.000000,0.000000,0.000000,0.000000,0.000000,0.000000,0.000000,0.000000,0.000000,0.000000,0.000000,0.000000,0.000000,0.000000,0.000000,0.000000,0.000000,0.000000,0.000000,0.000000,0.000000,0.000000,0.000000,0.000000,0.000000,0.000000,0.000000,0.000000,0.000000,0.000000,0.000000,0.000000,0.000000,0.000000,0.000000,0.000000,0.000000,0.000000,0.000000,0.000000,0.000000,0.000000,0.000000,0.000000,0.000000,0.000000,0.000000,0.000000,0.000000,0.000000,0.000000,0.000000,0.000000,0.000000,0.000000,0.000000,0.000000,0.000000,0.000000,0.000000,0.000000,0.000000,0.000000,0.000000,0.000000,0.000000,0.000000,0.000000,0.000000,0.000000,0.000000,0.000000,0.000000,0.000000,0.000000,0.000000,0.000000,0.000000,0.000000,0.000000,0.000000,0.000000,0.000000,0.000000,0.000000
LeatherFootwear,0.000000,0.000000,0.000000,0.000000,0.000000,0.000000,0.000000,0.000000,0.000000,0.015000,0.000000,0.000000,0.000000,0.000000,0.000000,0.000000,0.000000,0.000000,0.003000,0.000000,0.000000,0.000000,0.000000,0.000000,0.000000,0.000000,0.000000,0.000000,0.000000,0.000000,0.000000,0.015000,0.000000,0.000000,0.000000,0.000000,0.000000,0.000000,0.000000,0.000000,0.000000,0.000000,0.015000,0.003000,0.003000,0.000000,0.000000,0.000000,0.000000,0.003000,0.000000,0.000000,0.000000,0.000000,0.003000,0.000000,0.000000,0.000000,0.000000,0.000000,0.000000,0.000000,0.000000,0.000000,0.000000,0.000000,0.000000,0.000000,0.000000,0.000000,0.000000,0.000000,0.000000,0.000000,0.000000,0.000000,0.000000,0.000000,0.000000,0.000000,0.003000,0.000000,0.015000,0.045000,0.045000,0.000000,0.000000,0.000000,0.000000,0.000000,0.000000,0.000000,0.000000
LogisticsWarehouse,0.008000,0.012000,0.012000,0.010000,0.012000,0.008000,0.000000,0.000000,0.000000,0.024000,0.010000,0.010000,0.010000,0.006000,0.016000,0.016000,0.016000,0.016000,0.000000,0.008000,0.010000,0.010000,0.006000,0.006000,0.006000,0.006000,0.006000,0.006000,0.006000,0.012000,0.014000,0.024000,0.012000,0.014000,0.008000,0.008000,0.000000,0.000000,0.000000,0.000000,0.010000,0.008000,0.024000,0.000000,0.000000,0.010000,0.010000,0.000000,0.000000,0.000000,0.020000,0.008000,0.014000,0.010000,0.000000,0.010000,0.020000,0.012000,0.012000,0.012000,0.012000,0.012000,0.012000,0.012000,0.012000,0.008000,0.000000,0.020000,0.010000,0.006000,0.010000,0.010000,0.010000,0.010000,0.010000,0.008000,0.010000,0.016000,0.000000,0.020000,0.000000,0.014000,0.024000,0.012000,0.012000,0.010000,0.010000,0.010000,0.010000,0.010000,0.010000,0.008000,0.010000
MediaAdvertising,0.010000,0.000000,0.000000,0.000000,0.000000,0.010000,0.011667,0.011667,0.011667,0.000000,0.000000,0.000000,0.000000,0.000000,0.000000,0.000000,0.000000,0.000000,0.008333,0.010000,0.000000,0.000000,0.000000,0.000000,0.000000,0.000000,0.000000,0.000000,0.000000,0.000000,0.000000,0.000000,0.000000,0.000000,0.010000,0.010000,0.000000,0.000000,0.000000,0.000000,0.000000,0.010000,0.000000,0.008333,0.008333,0.000000,0.000000,0.011667,0.011667,0.008333,0.000000,0.010000,0.000000,0.000000,0.008333,0.000000,0.000000,0.013333,0.013333,0.013333,0.013333,0.013333,0.013333,0.013333,0.013333,0.010000,0.011667,0.000000,0.000000,0.000000,0.000000,0.000000,0.000000,0.000000,0.000000,0.010000,0.000000,0.000000,0.011667,0.000000,0.008333,0.000000,0.000000,0.000000,0.000000,0.000000,0.000000,0.000000,0.000000,0.000000,0.000000,0.010000,0.000000
MedicalDevices,0.000000,0.006000,0.006000,0.002400,0.006000,0.000000,0.000000,0.000000,0.000000,0.000000,0.006000,0.006000,0.006000,0.003000,0.003600,0.003600,0.003600,0.003600,0.000000,0.000000,0.002400,0.002400,0.003000,0.003000,0.003000,0.003000,0.003000,0.003000,0.003000,0.006000,0.003000,0.000000,0.006000,0.003000,0.000000,0.000000,0.009000,0.009000,0.009000,0.009000,0.002400,0.000000,0.000000,0.000000,0.000000,0.006000,0.002400,0.000000,0.000000,0.000000,0.002400,0.000000,0.003000,0.000000,0.000000,0.006000,0.002400,0.004800,0.004800,0.004800,0.004800,0.004800,0.004800,0.004800,0.004800,0.000000,0.000000,0.002400,0.006000,0.003000,0.006000,0.006000,0.006000,0.006000,0.002400,0.000000,0.006000,0.003600,0.000000,0.002400,0.000000,0.003000,0.000000,0.000000,0.000000,0.000000,0.000000,0.000000,0.000000,0.000000,0.002400,0.000000,0.006000
MetalProducts,0.000000,0.000000,0.000000,0.060000,0.000000,0.000000,0.000000,0.000000,0.000000,0.000000,0.000000,0.000000,0.000000,0.012000,0.036000,0.036000,0.036000,0.036000,0.000000,0.000000,0.060000,0.060000,0.012000,0.012000,0.012000,0.012000,0.012000,0.012000,0.012000,0.000000,0.000000,0.000000,0.000000,0.000000,0.000000,0.000000,0.000000,0.000000,0.000000,0.000000,0.060000,0.000000,0.000000,0.000000,0.000000,0.000000,0.060000,0.000000,0.000000,0.000000,0.036000,0.000000,0.000000,0.000000,0.000000,0.000000,0.036000,0.045000,0.045000,0.045000,0.045000,0.045000,0.045000,0.045000,0.045000,0.000000,0.000000,0.036000,0.000000,0.012000,0.000000,0.000000,0.000000,0.000000,0.060000,0.000000,0.000000,0.036000,0.000000,0.036000,0.000000,0.000000,0.000000,0.000000,0.000000,0.000000,0.000000,0.000000,0.000000,0.000000,0.060000,0.000000,0.000000
MilArmoredVehicles,0.000000,0.000000,0.000000,0.000000,0.000000,0.000000,0.000000,0.000000,0.000000,0.000000,0.000000,0.000000,0.000000,0.000000,0.000000,0.000000,0.000000,0.000000,0.000000,0.000000,0.000000,0.000000,0.000000,0.000000,0.000000,0.000000,0.000000,0.000000,0.000000,0.000000,0.000000,0.000000,0.000000,0.000000,0.000000,0.000000,0.000000,0.000000,0.000000,0.000000,0.000000,0.000000,0.000000,0.000000,0.000000,0.000000,0.000000,0.000000,0.000000,0.000000,0.000000,0.000000,0.000000,0.000000,0.000000,0.000000,0.000000,0.000000,0.000000,0.000000,0.000000,0.000000,0.000000,0.000000,0.000000,0.000000,0.000000,0.000000,0.000000,0.000000,0.000000,0.000000,0.000000,0.000000,0.000000,0.000000,0.000000,0.000000,0.000000,0.000000,0.000000,0.000000,0.000000,0.000000,0.000000,0.000000,0.000000,0.000000,0.000000,0.000000,0.000000,0.000000,0.000000
MilArtillery,0.000000,0.000000,0.000000,0.000000,0.000000,0.000000,0.000000,0.000000,0.000000,0.000000,0.000000,0.000000,0.000000,0.000000,0.000000,0.000000,0.000000,0.000000,0.000000,0.000000,0.000000,0.000000,0.000000,0.000000,0.000000,0.000000,0.000000,0.000000,0.000000,0.000000,0.000000,0.000000,0.000000,0.000000,0.000000,0.000000,0.000000,0.000000,0.000000,0.000000,0.000000,0.000000,0.000000,0.000000,0.000000,0.000000,0.000000,0.000000,0.000000,0.000000,0.000000,0.000000,0.000000,0.000000,0.000000,0.000000,0.000000,0.000000,0.000000,0.000000,0.000000,0.000000,0.000000,0.000000,0.000000,0.000000,0.000000,0.000000,0.000000,0.000000,0.000000,0.000000,0.000000,0.000000,0.000000,0.000000,0.000000,0.000000,0.000000,0.000000,0.000000,0.000000,0.000000,0.000000,0.000000,0.000000,0.000000,0.000000,0.000000,0.000000,0.000000,0.000000,0.000000
MilEW,0.000000,0.000000,0.000000,0.000000,0.000000,0.000000,0.000000,0.000000,0.000000,0.000000,0.000000,0.000000,0.000000,0.000000,0.000000,0.000000,0.000000,0.000000,0.000000,0.000000,0.000000,0.000000,0.000000,0.000000,0.000000,0.000000,0.000000,0.000000,0.000000,0.000000,0.000000,0.000000,0.000000,0.000000,0.000000,0.000000,0.000000,0.000000,0.000000,0.000000,0.000000,0.000000,0.000000,0.000000,0.000000,0.000000,0.000000,0.000000,0.000000,0.000000,0.000000,0.000000,0.000000,0.000000,0.000000,0.000000,0.000000,0.000000,0.000000,0.000000,0.000000,0.000000,0.000000,0.000000,0.000000,0.000000,0.000000,0.000000,0.000000,0.000000,0.000000,0.000000,0.000000,0.000000,0.000000,0.000000,0.000000,0.000000,0.000000,0.000000,0.000000,0.000000,0.000000,0.000000,0.000000,0.000000,0.000000,0.000000,0.000000,0.000000,0.000000,0.000000,0.000000
MilMissiles,0.000000,0.000000,0.000000,0.000000,0.000000,0.000000,0.000000,0.000000,0.000000,0.000000,0.000000,0.000000,0.000000,0.000000,0.000000,0.000000,0.000000,0.000000,0.000000,0.000000,0.000000,0.000000,0.000000,0.000000,0.000000,0.000000,0.000000,0.000000,0.000000,0.000000,0.000000,0.000000,0.000000,0.000000,0.000000,0.000000,0.000000,0.000000,0.000000,0.000000,0.000000,0.000000,0.000000,0.000000,0.000000,0.000000,0.000000,0.000000,0.000000,0.000000,0.000000,0.000000,0.000000,0.000000,0.000000,0.000000,0.000000,0.000000,0.000000,0.000000,0.000000,0.000000,0.000000,0.000000,0.000000,0.000000,0.000000,0.000000,0.000000,0.000000,0.000000,0.000000,0.000000,0.000000,0.000000,0.000000,0.000000,0.000000,0.000000,0.000000,0.000000,0.000000,0.000000,0.000000,0.000000,0.000000,0.000000,0.000000,0.000000,0.000000,0.000000,0.000000,0.000000
MilNaval,0.000000,0.000000,0.000000,0.000000,0.000000,0.000000,0.000000,0.000000,0.000000,0.000000,0.000000,0.000000,0.000000,0.000000,0.000000,0.000000,0.000000,0.000000,0.000000,0.000000,0.000000,0.000000,0.000000,0.000000,0.000000,0.000000,0.000000,0.000000,0.000000,0.000000,0.000000,0.000000,0.000000,0.000000,0.000000,0.000000,0.000000,0.000000,0.000000,0.000000,0.000000,0.000000,0.000000,0.000000,0.000000,0.000000,0.000000,0.000000,0.000000,0.000000,0.000000,0.000000,0.000000,0.000000,0.000000,0.000000,0.000000,0.000000,0.000000,0.000000,0.000000,0.000000,0.000000,0.000000,0.000000,0.000000,0.000000,0.000000,0.000000,0.000000,0.000000,0.000000,0.000000,0.000000,0.000000,0.000000,0.000000,0.000000,0.000000,0.000000,0.000000,0.000000,0.000000,0.000000,0.000000,0.000000,0.000000,0.000000,0.000000,0.000000,0.000000,0.000000,0.000000
MilProtectiveGear,0.000000,0.000000,0.000000,0.000000,0.000000,0.000000,0.000000,0.000000,0.000000,0.000000,0.000000,0.000000,0.000000,0.000000,0.000000,0.000000,0.000000,0.000000,0.000000,0.000000,0.000000,0.000000,0.000000,0.000000,0.000000,0.000000,0.000000,0.000000,0.000000,0.000000,0.000000,0.000000,0.000000,0.000000,0.000000,0.000000,0.000000,0.000000,0.000000,0.000000,0.000000,0.000000,0.000000,0.000000,0.000000,0.000000,0.000000,0.000000,0.000000,0.000000,0.000000,0.000000,0.000000,0.000000,0.000000,0.000000,0.000000,0.000000,0.000000,0.000000,0.000000,0.000000,0.000000,0.000000,0.000000,0.000000,0.000000,0.000000,0.000000,0.000000,0.000000,0.000000,0.000000,0.000000,0.000000,0.000000,0.000000,0.000000,0.000000,0.000000,0.000000,0.000000,0.000000,0.000000,0.000000,0.000000,0.000000,0.000000,0.000000,0.000000,0.000000,0.000000,0.000000
MilSmallArms,0.000000,0.000000,0.000000,0.000000,0.000000,0.000000,0.000000,0.000000,0.000000,0.000000,0.000000,0.000000,0.000000,0.000000,0.000000,0.000000,0.000000,0.000000,0.000000,0.000000,0.000000,0.000000,0.000000,0.000000,0.000000,0.000000,0.000000,0.000000,0.000000,0.000000,0.000000,0.000000,0.000000,0.000000,0.000000,0.000000,0.000000,0.000000,0.000000,0.000000,0.000000,0.000000,0.000000,0.000000,0.000000,0.000000,0.000000,0.000000,0.000000,0.000000,0.000000,0.000000,0.000000,0.000000,0.000000,0.000000,0.000000,0.000000,0.000000,0.000000,0.000000,0.000000,0.000000,0.000000,0.000000,0.000000,0.000000,0.000000,0.000000,0.000000,0.000000,0.000000,0.000000,0.000000,0.000000,0.000000,0.000000,0.000000,0.000000,0.000000,0.000000,0.000000,0.000000,0.000000,0.000000,0.000000,0.000000,0.000000,0.000000,0.000000,0.000000,0.000000,0.000000
MilUAVs,0.000000,0.000000,0.000000,0.000000,0.000000,0.000000,0.000000,0.000000,0.000000,0.000000,0.000000,0.000000,0.000000,0.000000,0.000000,0.000000,0.000000,0.000000,0.000000,0.000000,0.000000,0.000000,0.000000,0.000000,0.000000,0.000000,0.000000,0.000000,0.000000,0.000000,0.000000,0.000000,0.000000,0.000000,0.000000,0.000000,0.000000,0.000000,0.000000,0.000000,0.000000,0.000000,0.000000,0.000000,0.000000,0.000000,0.000000,0.000000,0.000000,0.000000,0.000000,0.000000,0.000000,0.000000,0.000000,0.000000,0.000000,0.000000,0.000000,0.000000,0.000000,0.000000,0.000000,0.000000,0.000000,0.000000,0.000000,0.000000,0.000000,0.000000,0.000000,0.000000,0.000000,0.000000,0.000000,0.000000,0.000000,0.000000,0.000000,0.000000,0.000000,0.000000,0.000000,0.000000,0.000000,0.000000,0.000000,0.000000,0.000000,0.000000,0.000000,0.000000,0.000000
MilitaryDefense,0.000000,0.000000,0.000000,0.000000,0.000000,0.000000,0.000000,0.000000,0.000000,0.000000,0.000000,0.000000,0.000000,0.000000,0.000000,0.000000,0.000000,0.000000,0.000000,0.000000,0.000000,0.000000,0.000000,0.000000,0.000000,0.000000,0.000000,0.000000,0.000000,0.000000,0.000000,0.000000,0.000000,0.000000,0.000000,0.000000,0.000000,0.000000,0.000000,0.000000,0.000000,0.000000,0.000000,0.000000,0.000000,0.000000,0.000000,0.000000,0.000000,0.000000,0.000000,0.000000,0.000000,0.000000,0.000000,0.000000,0.000000,0.000000,0.000000,0.000000,0.000000,0.000000,0.000000,0.000000,0.000000,0.000000,0.000000,0.000000,0.000000,0.000000,0.000000,0.000000,0.000000,0.000000,0.000000,0.000000,0.000000,0.000000,0.000000,0.000000,0.000000,0.000000,0.000000,0.000000,0.000000,0.000000,0.000000,0.000000,0.000000,0.000000,0.000000,0.000000,0.000000
NonBankFinance,0.001000,0.001000,0.001000,0.002000,0.001000,0.001000,0.005000,0.005000,0.005000,0.000000,0.001500,0.001500,0.001500,0.001000,0.001500,0.001500,0.001500,0.001500,0.003000,0.001000,0.002000,0.002000,0.001000,0.001000,0.001000,0.001000,0.001000,0.001000,0.001000,0.001000,0.001500,0.000000,0.001000,0.001500,0.001000,0.001000,0.001000,0.001000,0.001000,0.001000,0.002000,0.001000,0.000000,0.003000,0.003000,0.001500,0.002000,0.005000,0.005000,0.003000,0.001500,0.001000,0.001500,0.002000,0.003000,0.001500,0.001500,0.000000,0.000000,0.000000,0.000000,0.000000,0.000000,0.000000,0.000000,0.001000,0.005000,0.001500,0.001500,0.001000,0.001500,0.001500,0.001500,0.001500,0.002000,0.001000,0.001500,0.001500,0.005000,0.001500,0.003000,0.001500,0.000000,0.002500,0.002500,0.002000,0.002000,0.002000,0.002000,0.002000,0.002000,0.001000,0.001500
NonFerrousMetal,0.000000,0.000000,0.000000,0.030000,0.000000,0.000000,0.000000,0.000000,0.000000,0.000000,0.000000,0.000000,0.000000,0.006000,0.018000,0.018000,0.018000,0.018000,0.000000,0.000000,0.030000,0.030000,0.006000,0.006000,0.006000,0.006000,0.006000,0.006000,0.006000,0.000000,0.000000,0.000000,0.000000,0.000000,0.000000,0.000000,0.000000,0.000000,0.000000,0.000000,0.030000,0.000000,0.000000,0.000000,0.000000,0.000000,0.030000,0.000000,0.000000,0.000000,0.018000,0.000000,0.000000,0.000000,0.000000,0.000000,0.018000,0.022500,0.022500,0.022500,0.022500,0.022500,0.022500,0.022500,0.022500,0.000000,0.000000,0.018000,0.000000,0.006000,0.000000,0.000000,0.000000,0.000000,0.030000,0.000000,0.000000,0.018000,0.000000,0.018000,0.000000,0.000000,0.000000,0.000000,0.000000,0.000000,0.000000,0.000000,0.000000,0.000000,0.030000,0.000000,0.000000
NonMetalMining,0.000000,0.005000,0.005000,0.002000,0.005000,0.000000,0.000000,0.000000,0.000000,0.000000,0.005000,0.005000,0.005000,0.002500,0.003000,0.003000,0.003000,0.003000,0.000000,0.000000,0.002000,0.002000,0.002500,0.002500,0.002500,0.002500,0.002500,0.002500,0.002500,0.005000,0.002500,0.000000,0.005000,0.002500,0.000000,0.000000,0.007500,0.007500,0.007500,0.007500,0.002000,0.000000,0.000000,0.000000,0.000000,0.005000,0.002000,0.000000,0.000000,0.000000,0.002000,0.000000,0.002500,0.000000,0.000000,0.005000,0.002000,0.004000,0.004000,0.004000,0.004000,0.004000,0.004000,0.004000,0.004000,0.000000,0.000000,0.002000,0.005000,0.002500,0.005000,0.005000,0.005000,0.005000,0.002000,0.000000,0.005000,0.003000,0.000000,0.002000,0.000000,0.002500,0.000000,0.000000,0.000000,0.000000,0.000000,0.000000,0.000000,0.000000,0.002000,0.000000,0.005000
OilGasExtraction,0.006316,0.010105,0.010105,0.008842,0.010105,0.006316,0.002526,0.002526,0.002526,0.007579,0.015158,0.015158,0.015158,0.010105,0.006316,0.006316,0.006316,0.006316,0.003789,0.006316,0.008842,0.008842,0.010105,0.010105,0.010105,0.010105,0.010105,0.010105,0.010105,0.010105,0.007579,0.007579,0.010105,0.007579,0.006316,0.006316,0.005053,0.005053,0.005053,0.005053,0.008842,0.006316,0.007579,0.003789,0.003789,0.015158,0.008842,0.002526,0.002526,0.003789,0.020211,0.006316,0.007579,0.022737,0.003789,0.015158,0.020211,0.011368,0.011368,0.011368,0.011368,0.011368,0.011368,0.011368,0.011368,0.006316,0.002526,0.020211,0.015158,0.010105,0.015158,0.015158,0.015158,0.015158,0.008842,0.006316,0.015158,0.006316,0.002526,0.020211,0.003789,0.007579,0.007579,0.005053,0.005053,0.022737,0.022737,0.022737,0.022737,0.022737,0.008842,0.006316,0.015158
PetrochemicalsPlastics,0.000000,0.015000,0.015000,0.006000,0.015000,0.000000,0.000000,0.000000,0.000000,0.000000,0.015000,0.015000,0.015000,0.007500,0.009000,0.009000,0.009000,0.009000,0.000000,0.000000,0.006000,0.006000,0.007500,0.007500,0.007500,0.007500,0.007500,0.007500,0.007500,0.015000,0.007500,0.000000,0.015000,0.007500,0.000000,0.000000,0.022500,0.022500,0.022500,0.022500,0.006000,0.000000,0.000000,0.000000,0.000000,0.015000,0.006000,0.000000,0.000000,0.000000,0.006000,0.000000,0.007500,0.000000,0.000000,0.015000,0.006000,0.012000,0.012000,0.012000,0.012000,0.012000,0.012000,0.012000,0.012000,0.000000,0.000000,0.006000,0.015000,0.007500,0.015000,0.015000,0.015000,0.015000,0.006000,0.000000,0.015000,0.009000,0.000000,0.006000,0.000000,0.007500,0.000000,0.000000,0.000000,0.000000,0.000000,0.000000,0.000000,0.000000,0.006000,0.000000,0.015000
PharmaAPI,0.000000,0.005000,0.005000,0.002000,0.005000,0.000000,0.000000,0.000000,0.000000,0.000000,0.005000,0.005000,0.005000,0.002500,0.003000,0.003000,0.003000,0.003000,0.000000,0.000000,0.002000,0.002000,0.002500,0.002500,0.002500,0.002500,0.002500,0.002500,0.002500,0.005000,0.002500,0.000000,0.005000,0.002500,0.000000,0.000000,0.007500,0.007500,0.007500,0.007500,0.002000,0.000000,0.000000,0.000000,0.000000,0.005000,0.002000,0.000000,0.000000,0.000000,0.002000,0.000000,0.002500,0.000000,0.000000,0.005000,0.002000,0.004000,0.004000,0.004000,0.004000,0.004000,0.004000,0.004000,0.004000,0.000000,0.000000,0.002000,0.005000,0.002500,0.005000,0.005000,0.305000,0.205000,0.002000,0.000000,0.005000,0.003000,0.000000,0.002000,0.000000,0.002500,0.000000,0.000000,0.000000,0.000000,0.000000,0.000000,0.000000,0.000000,0.002000,0.000000,0.005000
PharmaGenerics,0.000000,0.015000,0.015000,0.006000,0.015000,0.000000,0.000000,0.000000,0.000000,0.000000,0.015000,0.015000,0.015000,0.007500,0.009000,0.009000,0.009000,0.009000,0.000000,0.000000,0.006000,0.006000,0.007500,0.007500,0.007500,0.007500,0.007500,0.007500,0.007500,0.015000,0.007500,0.000000,0.015000,0.007500,0.000000,0.000000,0.022500,0.022500,0.022500,0.022500,0.006000,0.000000,0.000000,0.000000,0.000000,0.015000,0.006000,0.000000,0.000000,0.000000,0.006000,0.000000,0.007500,0.000000,0.000000,0.015000,0.006000,0.012000,0.012000,0.012000,0.012000,0.012000,0.012000,0.012000,0.012000,0.000000,0.000000,0.006000,0.015000,0.007500,0.015000,0.015000,0.015000,0.015000,0.006000,0.000000,0.015000,0.009000,0.000000,0.006000,0.000000,0.007500,0.000000,0.000000,0.000000,0.000000,0.000000,0.000000,0.000000,0.000000,0.006000,0.000000,0.015000
PharmaOriginals,0.000000,0.008000,0.008000,0.003200,0.008000,0.000000,0.000000,0.000000,0.000000,0.000000,0.008000,0.008000,0.008000,0.004000,0.004800,0.004800,0.004800,0.004800,0.000000,0.000000,0.003200,0.003200,0.004000,0.004000,0.004000,0.004000,0.004000,0.004000,0.004000,0.008000,0.004000,0.000000,0.008000,0.004000,0.000000,0.000000,0.012000,0.012000,0.012000,0.012000,0.003200,0.000000,0.000000,0.000000,0.000000,0.008000,0.003200,0.000000,0.000000,0.000000,0.003200,0.000000,0.004000,0.000000,0.000000,0.008000,0.003200,0.006400,0.006400,0.006400,0.006400,0.006400,0.006400,0.006400,0.006400,0.000000,0.000000,0.003200,0.008000,0.004000,0.008000,0.008000,0.008000,0.008000,0.003200,0.000000,0.008000,0.004800,0.000000,0.003200,0.000000,0.004000,0.000000,0.000000,0.000000,0.000000,0.000000,0.000000,0.000000,0.000000,0.003200,0.000000,0.008000
PrecisionInstruments,0.000000,0.000000,0.000000,0.000000,0.000000,0.000000,0.000000,0.000000,0.000000,0.000000,0.000000,0.000000,0.000000,0.000000,0.000000,0.000000,0.000000,0.000000,0.000000,0.000000,0.000000,0.000000,0.000000,0.000000,0.000000,0.000000,0.000000,0.000000,0.000000,0.000000,0.000000,0.000000,0.000000,0.000000,0.000000,0.000000,0.000000,0.000000,0.000000,0.000000,0.000000,0.000000,0.000000,0.000000,0.000000,0.000000,0.000000,0.000000,0.000000,0.000000,0.000000,0.000000,0.000000,0.008000,0.000000,0.000000,0.000000,0.018000,0.018000,0.018000,0.018000,0.018000,0.018000,0.018000,0.018000,0.000000,0.000000,0.000000,0.000000,0.000000,0.000000,0.000000,0.000000,0.000000,0.000000,0.000000,0.000000,0.000000,0.000000,0.000000,0.000000,0.000000,0.000000,0.000000,0.000000,0.008000,0.008000,0.008000,0.008000,0.008000,0.000000,0.000000,0.000000
PublicAdmin,0.000000,0.000000,0.000000,0.000000,0.000000,0.000000,0.000000,0.000000,0.000000,0.000000,0.000000,0.000000,0.000000,0.000000,0.000000,0.000000,0.000000,0.000000,0.000000,0.000000,0.000000,0.000000,0.000000,0.000000,0.000000,0.000000,0.000000,0.000000,0.000000,0.000000,0.000000,0.000000,0.000000,0.000000,0.000000,0.000000,0.000000,0.000000,0.000000,0.000000,0.000000,0.000000,0.000000,0.000000,0.000000,0.000000,0.000000,0.000000,0.000000,0.000000,0.000000,0.000000,0.000000,0.000000,0.000000,0.000000,0.000000,0.000000,0.000000,0.000000,0.000000,0.000000,0.000000,0.000000,0.000000,0.000000,0.000000,0.000000,0.000000,0.000000,0.000000,0.000000,0.000000,0.000000,0.000000,0.000000,0.000000,0.000000,0.000000,0.000000,0.000000,0.000000,0.000000,0.000000,0.000000,0.000000,0.000000,0.000000,0.000000,0.000000,0.000000,0.000000,0.000000
PulpPaper,0.000000,0.005000,0.005000,0.002000,0.005000,0.000000,0.000000,0.000000,0.000000,0.000000,0.005000,0.005000,0.005000,0.002500,0.003000,0.003000,0.003000,0.003000,0.000000,0.000000,0.002000,0.002000,0.002500,0.002500,0.002500,0.002500,0.002500,0.002500,0.002500,0.005000,0.002500,0.000000,0.005000,0.002500,0.000000,0.000000,0.007500,0.007500,0.007500,0.007500,0.002000,0.000000,0.000000,0.000000,0.000000,0.005000,0.002000,0.000000,0.000000,0.000000,0.002000,0.000000,0.002500,0.000000,0.000000,0.005000,0.002000,0.004000,0.004000,0.004000,0.004000,0.004000,0.004000,0.004000,0.004000,0.000000,0.000000,0.002000,0.005000,0.002500,0.005000,0.005000,0.005000,0.005000,0.002000,0.000000,0.005000,0.003000,0.000000,0.002000,0.000000,0.002500,0.000000,0.000000,0.000000,0.000000,0.000000,0.000000,0.000000,0.000000,0.002000,0.000000,0.005000
RealEstateOps,0.000000,0.000000,0.000000,0.000000,0.000000,0.000000,0.000000,0.000000,0.000000,0.000000,0.000000,0.000000,0.000000,0.000000,0.000000,0.000000,0.000000,0.000000,0.000000,0.000000,0.000000,0.000000,0.000000,0.000000,0.000000,0.000000,0.000000,0.000000,0.000000,0.000000,0.000000,0.000000,0.000000,0.000000,0.000000,0.000000,0.000000,0.000000,0.000000,0.000000,0.000000,0.000000,0.000000,0.000000,0.000000,0.000000,0.000000,0.000000,0.000000,0.000000,0.000000,0.000000,0.000000,0.000000,0.000000,0.000000,0.000000,0.000000,0.000000,0.000000,0.000000,0.000000,0.000000,0.000000,0.000000,0.000000,0.000000,0.000000,0.000000,0.000000,0.000000,0.000000,0.000000,0.000000,0.000000,0.000000,0.000000,0.000000,0.000000,0.000000,0.000000,0.000000,0.000000,0.000000,0.000000,0.000000,0.000000,0.000000,0.000000,0.000000,0.000000,0.000000,0.000000
SecuritiesMarket,0.001000,0.001000,0.001000,0.002000,0.001000,0.001000,0.005000,0.005000,0.005000,0.000000,0.001500,0.001500,0.001500,0.001000,0.001500,0.001500,0.001500,0.001500,0.003000,0.001000,0.002000,0.002000,0.001000,0.001000,0.001000,0.001000,0.001000,0.001000,0.001000,0.001000,0.001500,0.000000,0.001000,0.001500,0.001000,0.001000,0.001000,0.001000,0.001000,0.001000,0.002000,0.001000,0.000000,0.003000,0.003000,0.001500,0.002000,0.005000,0.005000,0.003000,0.001500,0.001000,0.001500,0.002000,0.003000,0.001500,0.001500,0.000000,0.000000,0.000000,0.000000,0.000000,0.000000,0.000000,0.000000,0.001000,0.005000,0.001500,0.001500,0.001000,0.001500,0.001500,0.001500,0.001500,0.002000,0.001000,0.001500,0.001500,0.005000,0.001500,0.003000,0.001500,0.000000,0.002500,0.002500,0.002000,0.002000,0.002000,0.002000,0.002000,0.002000,0.001000,0.001500
SteelIron,0.000000,0.000000,0.000000,0.090000,0.000000,0.000000,0.000000,0.000000,0.000000,0.000000,0.000000,0.000000,0.000000,0.018000,0.054000,0.054000,0.054000,0.054000,0.000000,0.000000,0.090000,0.090000,0.018000,0.018000,0.018000,0.018000,0.018000,0.018000,0.018000,0.000000,0.000000,0.000000,0.000000,0.000000,0.000000,0.000000,0.000000,0.000000,0.000000,0.000000,0.310000,0.000000,0.000000,0.000000,0.000000,0.000000,0.090000,0.000000,0.000000,0.000000,0.054000,0.000000,0.000000,0.000000,0.000000,0.000000,0.054000,0.317500,0.067500,0.067500,0.067500,0.067500,0.067500,0.067500,0.067500,0.000000,0.000000,0.054000,0.000000,0.018000,0.000000,0.000000,0.000000,0.000000,0.090000,0.000000,0.000000,0.054000,0.000000,0.054000,0.000000,0.000000,0.000000,0.000000,0.000000,0.000000,0.000000,0.000000,0.000000,0.000000,0.270000,0.000000,0.000000
Telecom,0.010000,0.000000,0.000000,0.000000,0.000000,0.010000,0.011667,0.011667,0.011667,0.000000,0.000000,0.000000,0.000000,0.000000,0.000000,0.000000,0.000000,0.000000,0.008333,0.010000,0.000000,0.000000,0.000000,0.000000,0.000000,0.000000,0.000000,0.000000,0.000000,0.000000,0.000000,0.000000,0.000000,0.000000,0.010000,0.010000,0.000000,0.000000,0.000000,0.000000,0.000000,0.010000,0.000000,0.008333,0.008333,0.000000,0.000000,0.011667,0.011667,0.008333,0.000000,0.010000,0.000000,0.000000,0.008333,0.000000,0.000000,0.013333,0.013333,0.013333,0.013333,0.013333,0.013333,0.013333,0.013333,0.010000,0.011667,0.000000,0.000000,0.000000,0.000000,0.000000,0.000000,0.000000,0.000000,0.010000,0.000000,0.000000,0.011667,0.000000,0.008333,0.000000,0.000000,0.000000,0.000000,0.000000,0.000000,0.000000,0.000000,0.000000,0.000000,0.010000,0.000000
TextilesApparel,0.000000,0.000000,0.000000,0.000000,0.000000,0.000000,0.000000,0.000000,0.000000,0.020000,0.000000,0.000000,0.000000,0.000000,0.000000,0.000000,0.000000,0.000000,0.004000,0.000000,0.000000,0.000000,0.000000,0.000000,0.000000,0.000000,0.000000,0.000000,0.000000,0.000000,0.000000,0.020000,0.000000,0.000000,0.000000,0.000000,0.000000,0.000000,0.000000,0.000000,0.000000,0.000000,0.020000,0.004000,0.004000,0.000000,0.000000,0.000000,0.000000,0.004000,0.000000,0.000000,0.000000,0.000000,0.004000,0.000000,0.000000,0.000000,0.000000,0.000000,0.000000,0.000000,0.000000,0.000000,0.000000,0.000000,0.000000,0.000000,0.000000,0.000000,0.000000,0.000000,0.000000,0.000000,0.000000,0.000000,0.000000,0.000000,0.000000,0.000000,0.004000,0.000000,0.020000,0.060000,0.060000,0.000000,0.000000,0.000000,0.000000,0.000000,0.000000,0.000000,0.000000
Tobacco,0.000000,0.000000,0.000000,0.000000,0.000000,0.000000,0.000000,0.000000,0.000000,0.000000,0.000000,0.000000,0.000000,0.000000,0.000000,0.000000,0.000000,0.000000,0.000000,0.000000,0.000000,0.000000,0.000000,0.000000,0.000000,0.000000,0.000000,0.000000,0.000000,0.000000,0.000000,0.000000,0.000000,0.000000,0.000000,0.000000,0.000000,0.000000,0.000000,0.000000,0.000000,0.000000,0.000000,0.000000,0.000000,0.000000,0.000000,0.000000,0.000000,0.000000,0.000000,0.000000,0.000000,0.000000,0.000000,0.000000,0.000000,0.000000,0.000000,0.000000,0.000000,0.000000,0.000000,0.000000,0.000000,0.000000,0.000000,0.000000,0.000000,0.000000,0.000000,0.000000,0.000000,0.000000,0.000000,0.000000,0.000000,0.000000,0.000000,0.000000,0.000000,0.000000,0.000000,0.000000,0.000000,0.000000,0.000000,0.000000,0.000000,0.000000,0.000000,0.000000,0.000000
TradeRetail,0.000000,0.000000,0.000000,0.000000,0.000000,0.000000,0.000000,0.000000,0.000000,0.030000,0.000000,0.000000,0.000000,0.000000,0.000000,0.000000,0.000000,0.000000,0.000000,0.000000,0.000000,0.000000,0.000000,0.000000,0.000000,0.000000,0.000000,0.000000,0.000000,0.000000,0.000000,0.030000,0.000000,0.000000,0.000000,0.000000,0.000000,0.000000,0.000000,0.000000,0.000000,0.000000,0.030000,0.000000,0.000000,0.000000,0.000000,0.000000,0.000000,0.000000,0.000000,0.000000,0.000000,0.000000,0.000000,0.000000,0.000000,0.000000,0.000000,0.000000,0.000000,0.000000,0.000000,0.000000,0.000000,0.000000,0.000000,0.000000,0.000000,0.000000,0.000000,0.000000,0.000000,0.000000,0.000000,0.000000,0.000000,0.000000,0.000000,0.000000,0.000000,0.000000,0.030000,0.000000,0.000000,0.000000,0.000000,0.000000,0.000000,0.000000,0.000000,0.000000,0.000000
TradeWholesale,0.000000,0.000000,0.000000,0.000000,0.000000,0.000000,0.000000,0.000000,0.000000,0.020000,0.000000,0.000000,0.000000,0.000000,0.000000,0.000000,0.000000,0.000000,0.000000,0.000000,0.000000,0.000000,0.000000,0.000000,0.000000,0.000000,0.000000,0.000000,0.000000,0.000000,0.000000,0.020000,0.000000,0.000000,0.000000,0.000000,0.000000,0.000000,0.000000,0.000000,0.000000,0.000000,0.020000,0.000000,0.000000,0.000000,0.000000,0.000000,0.000000,0.000000,0.000000,0.000000,0.000000,0.000000,0.000000,0.000000,0.000000,0.000000,0.000000,0.000000,0.000000,0.000000,0.000000,0.000000,0.000000,0.000000,0.000000,0.000000,0.000000,0.000000,0.000000,0.000000,0.000000,0.000000,0.000000,0.000000,0.000000,0.000000,0.000000,0.000000,0.000000,0.000000,0.020000,0.000000,0.000000,0.000000,0.000000,0.000000,0.000000,0.000000,0.000000,0.000000,0.000000
TransAir,0.002000,0.003000,0.003000,0.002500,0.003000,0.002000,0.000000,0.000000,0.000000,0.006000,0.002500,0.002500,0.002500,0.001500,0.004000,0.004000,0.004000,0.004000,0.000000,0.002000,0.002500,0.002500,0.001500,0.001500,0.001500,0.001500,0.001500,0.001500,0.001500,0.003000,0.003500,0.006000,0.003000,0.003500,0.002000,0.002000,0.000000,0.000000,0.000000,0.000000,0.002500,0.002000,0.006000,0.000000,0.000000,0.002500,0.002500,0.000000,0.000000,0.000000,0.005000,0.002000,0.003500,0.002500,0.000000,0.002500,0.005000,0.003000,0.003000,0.003000,0.003000,0.003000,0.003000,0.003000,0.003000,0.002000,0.000000,0.005000,0.002500,0.001500,0.002500,0.002500,0.002500,0.002500,0.002500,0.002000,0.002500,0.004000,0.000000,0.005000,0.000000,0.003500,0.006000,0.003000,0.003000,0.002500,0.002500,0.002500,0.002500,0.002500,0.002500,0.002000,0.002500
TransRailCargo,0.012000,0.018000,0.018000,0.015000,0.018000,0.012000,0.000000,0.000000,0.000000,0.036000,0.015000,0.015000,0.015000,0.009000,0.024000,0.024000,0.024000,0.024000,0.000000,0.012000,0.015000,0.015000,0.009000,0.009000,0.009000,0.009000,0.009000,0.009000,0.009000,0.018000,0.021000,0.036000,0.018000,0.021000,0.012000,0.012000,0.000000,0.000000,0.000000,0.000000,0.015000,0.012000,0.036000,0.000000,0.000000,0.015000,0.015000,0.000000,0.000000,0.000000,0.030000,0.012000,0.021000,0.015000,0.000000,0.015000,0.030000,0.018000,0.018000,0.018000,0.018000,0.018000,0.018000,0.018000,0.018000,0.012000,0.000000,0.030000,0.015000,0.009000,0.015000,0.015000,0.015000,0.015000,0.015000,0.012000,0.015000,0.024000,0.000000,0.030000,0.000000,0.021000,0.036000,0.018000,0.018000,0.015000,0.015000,0.015000,0.015000,0.015000,0.015000,0.012000,0.015000
TransRailPassenger,0.004000,0.006000,0.006000,0.005000,0.006000,0.004000,0.000000,0.000000,0.000000,0.012000,0.005000,0.005000,0.005000,0.003000,0.008000,0.008000,0.008000,0.008000,0.000000,0.004000,0.005000,0.005000,0.003000,0.003000,0.003000,0.003000,0.003000,0.003000,0.003000,0.006000,0.007000,0.012000,0.006000,0.007000,0.004000,0.004000,0.000000,0.000000,0.000000,0.000000,0.005000,0.004000,0.012000,0.000000,0.000000,0.005000,0.005000,0.000000,0.000000,0.000000,0.010000,0.004000,0.007000,0.005000,0.000000,0.005000,0.010000,0.006000,0.006000,0.006000,0.006000,0.006000,0.006000,0.006000,0.006000,0.004000,0.000000,0.010000,0.005000,0.003000,0.005000,0.005000,0.005000,0.005000,0.005000,0.004000,0.005000,0.008000,0.000000,0.010000,0.000000,0.007000,0.012000,0.006000,0.006000,0.005000,0.005000,0.005000,0.005000,0.005000,0.005000,0.004000,0.005000
TransRoad,0.012000,0.018000,0.018000,0.015000,0.018000,0.012000,0.000000,0.000000,0.000000,0.036000,0.015000,0.015000,0.015000,0.009000,0.024000,0.024000,0.024000,0.024000,0.000000,0.012000,0.015000,0.015000,0.009000,0.009000,0.009000,0.009000,0.009000,0.009000,0.009000,0.018000,0.021000,0.036000,0.018000,0.021000,0.012000,0.012000,0.000000,0.000000,0.000000,0.000000,0.015000,0.012000,0.036000,0.000000,0.000000,0.015000,0.015000,0.000000,0.000000,0.000000,0.030000,0.012000,0.021000,0.015000,0.000000,0.015000,0.030000,0.018000,0.018000,0.018000,0.018000,0.018000,0.018000,0.018000,0.018000,0.012000,0.000000,0.030000,0.015000,0.009000,0.015000,0.015000,0.015000,0.015000,0.015000,0.012000,0.015000,0.024000,0.000000,0.030000,0.000000,0.021000,0.036000,0.018000,0.018000,0.015000,0.015000,0.015000,0.015000,0.015000,0.015000,0.012000,0.015000
TransWater,0.002000,0.003000,0.003000,0.002500,0.003000,0.002000,0.000000,0.000000,0.000000,0.006000,0.002500,0.002500,0.002500,0.001500,0.004000,0.004000,0.004000,0.004000,0.000000,0.002000,0.002500,0.002500,0.001500,0.001500,0.001500,0.001500,0.001500,0.001500,0.001500,0.003000,0.003500,0.006000,0.003000,0.003500,0.002000,0.002000,0.000000,0.000000,0.000000,0.000000,0.002500,0.002000,0.006000,0.000000,0.000000,0.002500,0.002500,0.000000,0.000000,0.000000,0.005000,0.002000,0.003500,0.002500,0.000000,0.002500,0.005000,0.003000,0.003000,0.003000,0.003000,0.003000,0.003000,0.003000,0.003000,0.002000,0.000000,0.005000,0.002500,0.001500,0.002500,0.002500,0.002500,0.002500,0.002500,0.002000,0.002500,0.004000,0.000000,0.005000,0.000000,0.003500,0.006000,0.003000,0.003000,0.002500,0.002500,0.002500,0.002500,0.002500,0.002500,0.002000,0.002500
TransportMachinery,0.000000,0.000000,0.000000,0.000000,0.000000,0.000000,0.000000,0.000000,0.000000,0.000000,0.000000,0.000000,0.000000,0.000000,0.000000,0.000000,0.000000,0.000000,0.000000,0.000000,0.000000,0.000000,0.000000,0.000000,0.000000,0.000000,0.000000,0.000000,0.000000,0.000000,0.000000,0.000000,0.000000,0.000000,0.000000,0.000000,0.000000,0.000000,0.000000,0.000000,0.000000,0.000000,0.000000,0.000000,0.000000,0.000000,0.000000,0.000000,0.000000,0.000000,0.000000,0.000000,0.000000,0.016000,0.000000,0.000000,0.000000,0.036000,0.036000,0.036000,0.036000,0.036000,0.036000,0.036000,0.036000,0.000000,0.000000,0.000000,0.000000,0.000000,0.000000,0.000000,0.000000,0.000000,0.000000,0.000000,0.000000,0.000000,0.000000,0.000000,0.000000,0.000000,0.000000,0.000000,0.000000,0.016000,0.016000,0.016000,0.016000,0.016000,0.000000,0.000000,0.000000
UtilityServices,0.000000,0.000000,0.000000,0.000000,0.000000,0.000000,0.000000,0.000000,0.000000,0.000000,0.000000,0.000000,0.000000,0.000000,0.000000,0.000000,0.000000,0.000000,0.000000,0.000000,0.000000,0.000000,0.000000,0.000000,0.000000,0.000000,0.000000,0.000000,0.000000,0.000000,0.000000,0.000000,0.000000,0.000000,0.000000,0.000000,0.000000,0.000000,0.000000,0.000000,0.000000,0.000000,0.000000,0.000000,0.000000,0.000000,0.000000,0.000000,0.000000,0.000000,0.000000,0.000000,0.000000,0.000000,0.000000,0.000000,0.000000,0.000000,0.000000,0.000000,0.000000,0.000000,0.000000,0.000000,0.000000,0.000000,0.000000,0.000000,0.000000,0.000000,0.000000,0.000000,0.000000,0.000000,0.000000,0.000000,0.000000,0.000000,0.000000,0.000000,0.000000,0.000000,0.000000,0.000000,0.000000,0.000000,0.000000,0.000000,0.000000,0.000000,0.000000,0.000000,0.000000
VeterinaryDrugs,0.000000,0.002000,0.002000,0.000800,0.002000,0.000000,0.000000,0.000000,0.000000,0.000000,0.002000,0.002000,0.002000,0.001000,0.001200,0.001200,0.001200,0.001200,0.000000,0.000000,0.000800,0.000800,0.001000,0.001000,0.001000,0.001000,0.001000,0.001000,0.001000,0.002000,0.001000,0.000000,0.002000,0.001000,0.000000,0.000000,0.003000,0.003000,0.003000,0.003000,0.000800,0.000000,0.000000,0.000000,0.000000,0.002000,0.000800,0.000000,0.000000,0.000000,0.000800,0.000000,0.001000,0.000000,0.000000,0.002000,0.000800,0.001600,0.001600,0.001600,0.001600,0.001600,0.001600,0.001600,0.001600,0.000000,0.000000,0.000800,0.002000,0.001000,0.002000,0.002000,0.002000,0.002000,0.000800,0.000000,0.002000,0.001200,0.000000,0.000800,0.000000,0.001000,0.000000,0.000000,0.000000,0.000000,0.000000,0.000000,0.000000,0.000000,0.000800,0.000000,0.002000
